,Employee_Name,Employee_Number,MarriedID,MaritalStatusID,GenderID,EmpStatus_ID,DeptID,Perf_ScoreID,Age,Pay_Rate,State,Zip,DOB,Sex,MaritalDesc,CitizenDesc,Hispanic_Latino,RaceDesc,Date_of_Hire,Days_Employed,Date_of_Termination,Reason_For_Term,Employment_Status,Position,Manager_Name,Employee_Source,Performance_Score,term_status,term_status_value,Department_Admin_Offices,Department_Executive_Office,Department_IT_IS,Department_Production,Department_Sales,Department_Software_Engineering,race_nonwhite,year_employed,Row_Num
0,"Brown, Mia",1103024456,1,1,0,1,1,3,30,28.5,MA,1450,11/24/1987,Female,Married,US Citizen,No,Black or African American,10/27/2008,3317,,N/A - still employed,Active,Accountant I,Brandon R. LeBlanc,Diversity Job Fair,Fully Meets,0,Employed,1,0,0,0,0,0,1,9.087671232876712,0
1,"LaRotonda, William  ",1106026572,0,2,1,1,1,3,34,23.0,MA,1460,4/26/1984,Male,Divorced,US Citizen,No,Black or African American,1/6/2014,1420,,N/A - still employed,Active,Accountant I,Brandon R. LeBlanc,Website Banner Ads,Fully Meets,0,Employed,1,0,0,0,0,0,1,3.8904109589041096,1
2,"Steans, Tyrone  ",1302053333,0,0,1,1,1,3,31,29.0,MA,2703,9/1/1986,Male,Single,US Citizen,No,White,9/29/2014,1154,,N/A - still employed,Active,Accountant I,Brandon R. LeBlanc,Internet Search,Fully Meets,0,Employed,1,0,0,0,0,0,0,3.1616438356164385,2
3,"Howard, Estelle",1211050782,1,1,0,1,1,9,32,21.5,MA,2170,9/16/1985,Female,Married,US Citizen,No,White,2/16/2015,58,4/15/2015,N/A - still employed,Active,Administrative Assistant,Brandon R. LeBlanc,Pay Per Click - Google,N/A- too early to review,0,Employed,1,0,0,0,0,0,0,0.1589041095890411,3
4,"Singh, Nan ",1307059817,0,0,0,1,1,9,30,16.56,MA,2330,5/19/1988,Female,Single,US Citizen,No,White,5/1/2015,940,,N/A - still employed,Active,Administrative Assistant,Brandon R. LeBlanc,Website Banner Ads,N/A- too early to review,0,Employed,1,0,0,0,0,0,0,2.5753424657534247,4
5,"Smith, Leigh Ann",711007713,1,1,0,5,1,3,30,20.5,MA,1844,6/14/1987,Female,Married,US Citizen,No,Asian,9/26/2011,730,9/25/2013,career change,Voluntarily Terminated,Administrative Assistant,Brandon R. LeBlanc,Diversity Job Fair,Fully Meets,1,Terminated,1,0,0,0,0,0,1,2.0,5
6,"LeBlanc, Brandon  R",1102024115,1,1,1,1,1,3,33,55.0,MA,1460,6/10/1984,Male,Married,US Citizen,No,White,1/5/2016,691,,N/A - still employed,Active,Shared Services Manager,Janet King,Monster.com,Fully Meets,0,Employed,1,0,0,0,0,0,0,1.893150684931507,6
7,"Quinn, Sean",1206043417,1,1,1,5,1,3,33,55.0,MA,2045,11/6/1984,Male,Married,Eligible NonCitizen,No,Black or African American,2/21/2011,1636,8/15/2015,career change,Voluntarily Terminated,Shared Services Manager,Janet King,Diversity Job Fair,Fully Meets,1,Terminated,1,0,0,0,0,0,1,4.482191780821918,7
8,"Boutwell, Bonalyn",1307060188,1,1,0,1,1,0,31,34.95,MA,2468,4/4/1987,Female,Married,US Citizen,No,Asian,2/16/2015,1014,,N/A - still employed,Active,Sr. Accountant,Brandon R. LeBlanc,Diversity Job Fair,90-day meets,0,Employed,1,0,0,0,0,0,1,2.778082191780822,8
9,"Foster-Baker, Amy",1201031308,1,1,0,1,1,3,39,34.95,MA,2050,4/16/1979,Female,Married,US Citizen,no,White,1/5/2009,3247,,N/A - still employed,Active,Sr. Accountant,Board of Directors,Other,Fully Meets,0,Employed,1,0,0,0,0,0,0,8.895890410958904,9
10,"King, Janet",1001495124,1,1,0,1,2,3,63,80.0,MA,1902,9/21/1954,Female,Married,US Citizen,Yes,White,7/2/2012,1973,,N/A - still employed,Active,President & CEO,Board of Directors,Pay Per Click - Google,Fully Meets,0,Employed,0,1,0,0,0,0,0,5.405479452054794,10
11,"Zamora, Jennifer",1112030816,0,0,0,1,3,5,38,65.0,MA,2067,8/30/1979,Female,Single,US Citizen,No,White,4/10/2010,2787,,N/A - still employed,Active,CIO,Janet King,Employee Referral,Exceptional,0,Employed,0,0,1,0,0,0,0,7.635616438356164,11
12,"Becker, Renee",1102024056,0,0,0,4,3,3,32,43.0,MA,2026,4/4/1986,Female,Single,US Citizen,Yes,White,7/7/2014,432,9/12/2015,performance,Terminated for Cause,Database Administrator,Simon Roup,Search Engine - Google Bing Yahoo,Fully Meets,1,Terminated,0,0,1,0,0,0,0,1.1835616438356165,12
13,"Goble, Taisha",905013738,0,0,0,4,3,3,46,48.5,MA,2127,10/23/1971,Female,Single,US Citizen,No,White,2/16/2015,27,3/15/2015,"no-call, no-show",Terminated for Cause,Database Administrator,Simon Roup,Glassdoor,Fully Meets,1,Terminated,0,0,1,0,0,0,0,0.07397260273972603,13
14,"Hernandez, Daniff",1410071156,1,1,1,4,3,9,31,40.1,MA,1960,8/7/1986,Male,Married,US Citizen,No,Black or African American,2/16/2015,6,2/22/2015,"no-call, no-show",Terminated for Cause,Database Administrator,Simon Roup,Employee Referral,N/A- too early to review,1,Terminated,0,0,1,0,0,0,1,0.01643835616438356,14
15,"Horton, Jayne",1105025718,0,0,0,1,3,9,34,34.0,MA,2493,2/21/1984,Female,Single,US Citizen,No,White,3/30/2015,972,,N/A - still employed,Active,Database Administrator,Simon Roup,Glassdoor,N/A- too early to review,0,Employed,0,0,1,0,0,0,0,2.663013698630137,15
16,"Johnson, Noelle ",1003018246,1,1,0,3,3,0,31,40.0,MA,2301,11/7/1986,Female,Married,US Citizen,No,Asian,1/5/2015,1056,,N/A - still employed,Leave of Absence,Database Administrator,Simon Roup,Glassdoor,90-day meets,0,Employed,0,0,1,0,0,0,1,2.893150684931507,16
17,"Murray, Thomas",1406068403,0,2,1,1,3,5,29,35.5,TX,78230,7/4/1988,Male,Divorced,US Citizen,No,Black or African American,11/10/2014,1112,,N/A - still employed,Active,Database Administrator,Simon Roup,Diversity Job Fair,Exceptional,0,Employed,0,0,1,0,0,0,1,3.0465753424657533,17
18,"Pearson, Randall",1102023965,1,1,1,5,3,3,33,41.0,MA,2747,9/5/1984,Male,Married,US Citizen,No,White,12/1/2014,517,5/1/2016,performance,Voluntarily Terminated,Database Administrator,Simon Roup,Employee Referral,Fully Meets,1,Terminated,0,0,1,0,0,0,0,1.4164383561643836,18
19,"Petrowsky, Thelma",1108027853,1,1,0,1,3,5,33,42.75,MA,1886,9/16/1984,Female,Married,US Citizen,No,Asian,11/10/2014,1112,,N/A - still employed,Active,Database Administrator,Simon Roup,Employee Referral,Exceptional,0,Employed,0,0,1,0,0,0,1,3.0465753424657533,19
20,"Roby, Lori ",1407068885,1,1,0,1,3,3,36,39.55,MA,1886,10/11/1981,Female,Married,US Citizen,No,White,2/16/2015,1014,,N/A - still employed,Active,Database Administrator,Simon Roup,Employee Referral,Fully Meets,0,Employed,0,0,1,0,0,0,0,2.778082191780822,20
21,"Rogers, Ivan",1203032255,1,1,1,1,3,9,31,42.2,MA,1810,8/26/1986,Male,Married,US Citizen,No,White,3/30/2015,972,,N/A - still employed,Active,Database Administrator,Simon Roup,Pay Per Click - Google,N/A- too early to review,0,Employed,0,0,1,0,0,0,0,2.663013698630137,21
22,"Salter, Jason",1111030148,0,2,1,5,3,0,30,45.0,MA,2452,12/17/1987,Male,Divorced,US Citizen,No,Black or African American,1/5/2015,299,10/31/2015,hours,Voluntarily Terminated,Database Administrator,Simon Roup,Vendor Referral,90-day meets,1,Terminated,0,0,1,0,0,0,1,0.8191780821917808,22
23,"Simard, Kramer",808010278,1,1,1,1,3,0,48,30.2,MA,2110,2/8/1970,Male,Married,US Citizen,Yes,White,1/5/2015,1056,,N/A - still employed,Active,Database Administrator,Simon Roup,Employee Referral,90-day meets,0,Employed,0,0,1,0,0,0,0,2.893150684931507,23
24,"Zhou, Julia",1110029732,0,0,0,1,3,0,39,31.4,MA,2148,2/24/1979,Female,Single,US Citizen,No,White,3/30/2015,972,,N/A - still employed,Active,Database Administrator,Simon Roup,Employee Referral,90-day meets,0,Employed,0,0,1,0,0,0,0,2.663013698630137,24
25,"Foss, Jason",1192991000,0,0,1,1,3,5,37,65.0,MA,1460,7/5/1980,Male,Single,US Citizen,No,Black or African American,4/15/2011,2417,,N/A - still employed,Active,IT Director,Jennifer Zamora,Professional Society,Exceptional,0,Employed,0,0,1,0,0,0,1,6.6219178082191785,25
26,"Roup,Simon",1106026933,0,0,1,1,3,3,45,62.0,MA,2481,4/5/1973,Male,Single,US Citizen,No,White,1/20/2013,1771,,N/A - still employed,Active,IT Manager - DB,Jennifer Zamora,Professional Society,Fully Meets,0,Employed,0,0,1,0,0,0,0,4.852054794520548,26
27,"Ruiz, Ricardo",1001175250,0,2,1,5,3,3,54,21.0,MA,1915,1/4/1964,Male,Divorced,US Citizen,No,Two or more races,1/9/2012,1395,11/4/2015,hours,Voluntarily Terminated,IT Manager - DB,Jennifer Zamora,Diversity Job Fair,Fully Meets,1,Terminated,0,0,1,0,0,0,1,3.8219178082191783,27
28,"Monroe, Peter",1011022863,1,1,1,1,3,2,31,63.0,MA,2134,10/5/1986,Male,Married,Eligible NonCitizen,Yes,Hispanic,2/15/2012,2111,,N/A - still employed,Active,IT Manager - Infra,Jennifer Zamora,Diversity Job Fair,Needs Improvement,0,Employed,0,0,1,0,0,0,1,5.7835616438356166,28
29,"Dougall, Eric",1101023754,0,0,1,1,3,4,47,64.0,MA,1886,7/9/1970,Male,Single,US Citizen,No,White,1/5/2014,1421,,N/A - still employed,Active,IT Manager - Support,Jennifer Zamora,Professional Society,Exceeds,0,Employed,0,0,1,0,0,0,0,3.893150684931507,29
30,"Clayton, Rick",1301052902,0,0,1,1,3,3,32,28.99,MA,2170,9/5/1985,Male,Single,US Citizen,No,White,9/5/2012,1908,,N/A - still employed,Active,IT Support,Eric Dougall,Glassdoor,Fully Meets,0,Employed,0,0,1,0,0,0,0,5.227397260273973,30
31,"Galia, Lisa",1501072093,0,0,0,1,3,3,49,31.4,CT,6040,7/6/1968,Female,Single,US Citizen,No,White,5/1/2010,2766,,N/A - still employed,Active,IT Support,Eric Dougall,Vendor Referral,Fully Meets,0,Employed,0,0,1,0,0,0,0,7.578082191780822,31
32,"Lindsay, Leonara ",602000312,0,0,0,1,3,4,29,26.0,CT,6070,10/5/1988,Female,Single,US Citizen,Yes,Two or more races,1/21/2011,2501,,N/A - still employed,Active,IT Support,Eric Dougall,Diversity Job Fair,Exceeds,0,Employed,0,0,1,0,0,0,1,6.852054794520548,32
33,"Soto, Julia ",1203032263,1,1,0,1,3,3,45,27.49,MA,2360,3/12/1973,Female,Married,US Citizen,No,Black or African American,6/10/2011,2361,,N/A - still employed,Active,IT Support,Eric Dougall,Information Session,Fully Meets,0,Employed,0,0,1,0,0,0,1,6.468493150684932,33
34,"Bacong, Alejandro ",1212052023,0,2,1,1,3,0,30,45.0,MA,1886,1/7/1988,Male,Divorced,US Citizen,No,White,1/5/2015,1056,,N/A - still employed,Active,Network Engineer,Peter Monroe,Glassdoor,90-day meets,0,Employed,0,0,1,0,0,0,0,2.893150684931507,34
35,"Cisco, Anthony",1102024173,1,1,1,1,3,9,28,42.0,MA,2135,11/24/1989,Male,Married,US Citizen,Yes,White,3/30/2015,972,,N/A - still employed,Active,Network Engineer,Peter Monroe,Information Session,N/A- too early to review,0,Employed,0,0,1,0,0,0,0,2.663013698630137,35
36,"Dolan, Linda",1101023540,1,1,0,1,3,0,29,37.0,MA,2119,7/18/1988,Female,Married,US Citizen,No,White,1/5/2015,1056,,N/A - still employed,Active,Network Engineer,Peter Monroe,Employee Referral,90-day meets,0,Employed,0,0,1,0,0,0,0,2.893150684931507,36
37,"Gonzalez, Maria",1988299991,0,3,0,1,3,3,37,39.0,MA,2472,4/16/1981,Female,Separated,US Citizen,Yes,White,1/5/2015,1056,,N/A - still employed,Active,Network Engineer,Peter Monroe,Employee Referral,Fully Meets,0,Employed,0,0,1,0,0,0,0,2.893150684931507,37
38,"Merlos, Carlos",1012023013,0,0,1,1,3,9,30,43.0,MA,2138,6/18/1987,Male,Single,US Citizen,No,White,3/30/2015,972,,N/A - still employed,Active,Network Engineer,Peter Monroe,Vendor Referral,N/A- too early to review,0,Employed,0,0,1,0,0,0,0,2.663013698630137,38
39,"Morway, Tanya",1001956578,1,1,0,1,3,3,39,27.0,MA,2048,4/4/1979,Female,Married,US Citizen,No,White,2/16/2015,1014,,N/A - still employed,Active,Network Engineer,Peter Monroe,Monster.com,Fully Meets,0,Employed,0,0,1,0,0,0,0,2.778082191780822,39
40,"Shepard, Anita ",906014183,1,1,0,1,3,3,37,47.0,MA,1773,4/14/1981,Female,Married,US Citizen,No,White,9/30/2014,1153,,N/A - still employed,Active,Network Engineer,Peter Monroe,Vendor Referral,Fully Meets,0,Employed,0,0,1,0,0,0,0,3.158904109589041,40
41,"Tredinnick, Neville ",1104025466,1,1,1,5,3,3,30,28.0,MA,1420,5/5/1988,Male,Married,US Citizen,No,White,1/5/2015,127,5/12/2015,medical issues,Voluntarily Terminated,Network Engineer,Peter Monroe,Monster.com,Fully Meets,1,Terminated,0,0,1,0,0,0,0,0.34794520547945207,41
42,"Turpin, Jumil",1411071506,1,1,1,1,3,9,49,49.1,MA,2343,3/31/1969,Male,Married,Eligible NonCitizen,No,White,3/30/2015,972,,N/A - still employed,Active,Network Engineer,Peter Monroe,Employee Referral,N/A- too early to review,0,Employed,0,0,1,0,0,0,0,2.663013698630137,42
43,"Ait Sidi, Karthikeyan   ",1307060199,1,1,1,5,3,3,43,62.0,MA,2148,5/5/1975,Male,Married,US Citizen,No,White,3/30/2015,444,6/16/2016,career change,Voluntarily Terminated,Sr. DBA,Simon Roup,Company Intranet - Partner,Fully Meets,1,Terminated,0,0,1,0,0,0,0,1.2164383561643837,43
44,"Carr, Claudia  N",1010022337,0,0,0,2,3,9,31,61.3,MA,1886,6/6/1986,Female,Single,US Citizen,No,Black or African American,6/30/2016,514,,N/A - Has not started yet,Future Start,Sr. DBA,Simon Roup,Vendor Referral,N/A- too early to review,0,Employed,0,0,1,0,0,0,1,1.4082191780821918,44
45,"Favis, Donald  ",1412071562,0,0,1,4,3,3,53,58.2,CT,6033,7/30/1964,Male,Single,US Citizen,No,Black or African American,2/17/2014,732,2/19/2016,hours,Terminated for Cause,Sr. DBA,Simon Roup,Vendor Referral,Fully Meets,1,Terminated,0,0,1,0,0,0,1,2.0054794520547947,45
46,"Roehrich, Bianca",1111030266,0,0,0,5,3,0,45,58.5,MA,2703,5/27/1973,Female,Single,US Citizen,Yes,White,1/5/2015,309,11/10/2015,Another position,Voluntarily Terminated,Sr. DBA,Simon Roup,Vendor Referral,90-day meets,1,Terminated,0,0,1,0,0,0,0,0.8465753424657534,46
47,"Daniele, Ann  ",1411071312,1,1,0,3,3,3,66,54.1,CT,6033,1/18/1952,Female,Married,US Citizen,No,White,11/10/2014,1112,,N/A - still employed,Leave of Absence,Sr. Network Engineer,Peter Monroe,Vendor Referral,Fully Meets,0,Employed,0,0,1,0,0,0,0,3.0465753424657533,47
48,"Lajiri,  Jyoti",1108028108,1,1,1,3,3,3,32,56.2,MA,2169,4/23/1986,Male,Married,US Citizen,No,White,11/10/2014,1112,,N/A - still employed,Leave of Absence,Sr. Network Engineer,Peter Monroe,Employee Referral,Fully Meets,0,Employed,0,0,1,0,0,0,0,3.0465753424657533,48
49,"Semizoglou, Jeremiah  ",904013591,1,1,1,2,3,9,35,53.8,MA,1545,2/9/1983,Male,Married,US Citizen,No,Asian,6/30/2016,514,,N/A - Has not started yet,Future Start,Sr. Network Engineer,Peter Monroe,On-campus Recruiting,N/A- too early to review,0,Employed,0,0,1,0,0,0,1,1.4082191780821918,49
50,"South, Joe",1308060959,0,0,1,1,3,0,52,53.0,CT,6278,9/9/1965,Male,Single,US Citizen,No,White,11/10/2014,1112,,N/A - still employed,Active,Sr. Network Engineer,Peter Monroe,Employee Referral,90-day meets,0,Employed,0,0,1,0,0,0,0,3.0465753424657533,50
51,"Warfield, Sarah",1301052347,0,4,0,1,3,9,40,55.2,MA,2453,5/2/1978,Female,Widowed,US Citizen,No,Asian,3/30/2015,972,,N/A - still employed,Active,Sr. Network Engineer,Peter Monroe,Employee Referral,N/A- too early to review,0,Employed,0,0,1,0,0,0,1,2.663013698630137,51
52,"Bramante, Elisa",1006020066,0,0,0,1,5,4,35,60.0,MA,2030,3/19/1983,Female,Single,US Citizen,No,Black or African American,1/5/2009,3247,,N/A - still employed,Active,Director of Operations,Janet King,Other,Exceeds,0,Employed,0,0,0,1,0,0,1,8.895890410958904,52
53,"Albert, Michael  ",1501072311,0,2,1,1,5,3,49,54.5,MA,2169,10/10/1968,Male,Divorced,US Citizen,No,White,8/1/2011,2309,,N/A - still employed,Active,Production Manager,Janet King,Employee Referral,Fully Meets,0,Employed,0,0,0,1,0,0,0,6.326027397260274,53
54,"Bozzi, Charles",1303054580,0,0,1,5,5,3,48,50.5,MA,1901,3/10/1970,Male,Single,US Citizen,No,Asian,9/30/2013,311,8/7/2014,retiring,Voluntarily Terminated,Production Manager,Janet King,Billboard,Fully Meets,1,Terminated,0,0,0,1,0,0,1,0.852054794520548,54
55,"Butler, Webster  L",1110029990,0,0,1,1,5,4,34,55.0,MA,2169,8/9/1983,Male,Single,US Citizen,No,White,1/28/2016,668,,N/A - still employed,Active,Production Manager,Janet King,Pay Per Click - Google,Exceeds,0,Employed,0,0,0,1,0,0,0,1.83013698630137,55
56,"Dunn, Amy  ",1409070147,0,0,0,1,5,3,44,51.0,MA,1731,11/28/1973,Female,Single,US Citizen,No,White,9/18/2014,1165,,N/A - still employed,Active,Production Manager,Janet King,Search Engine - Google Bing Yahoo,Fully Meets,0,Employed,0,0,0,1,0,0,0,3.191780821917808,56
57,"Gray, Elijiah  ",1307060077,0,2,1,1,5,3,36,54.0,MA,1752,7/11/1981,Male,Divorced,US Citizen,No,White,6/2/2015,908,,N/A - still employed,Active,Production Manager,Janet King,Employee Referral,Fully Meets,0,Employed,0,0,0,1,0,0,0,2.4876712328767123,57
58,"Hogland, Jonathan ",1001944783,1,1,1,4,5,3,45,48.5,MA,1890,7/1/1972,Male,Married,US Citizen,No,White,1/10/2011,1797,12/12/2015,attendance,Terminated for Cause,Production Manager,Janet King,Employee Referral,Fully Meets,1,Terminated,0,0,0,1,0,0,0,4.923287671232877,58
59,"Immediato, Walter",1403065874,1,1,1,5,5,2,41,42.0,MA,2128,11/15/1976,Male,Married,US Citizen,No,Asian,2/21/2011,581,9/24/2012,unhappy,Voluntarily Terminated,Production Manager,Janet King,Other,Needs Improvement,1,Terminated,0,0,0,1,0,0,1,1.5917808219178082,59
60,"Liebig, Ketsia",1103024679,1,1,0,1,5,4,36,55.0,MA,2110,10/26/1981,Female,Married,US Citizen,No,White,9/30/2013,1518,,N/A - still employed,Active,Production Manager,Janet King,Website Banner Ads,Exceeds,0,Employed,0,0,0,1,0,0,0,4.158904109589041,60
61,"Miller, Brannon",1107027351,0,0,1,1,5,3,36,53.0,MA,2045,8/10/1981,Male,Single,US Citizen,yes,Hispanic,8/16/2012,1928,,N/A - still employed,Active,Production Manager,Janet King,Internet Search,Fully Meets,0,Employed,0,0,0,1,0,0,1,5.282191780821917,61
62,"Peterson, Ebonee  ",1402065355,1,1,0,5,5,3,41,38.5,MA,2030,5/9/1977,Female,Married,US Citizen,No,White,10/25/2010,2032,5/18/2016,Another position,Voluntarily Terminated,Production Manager,Janet King,Internet Search,Fully Meets,1,Terminated,0,0,0,1,0,0,0,5.567123287671233,62
63,"Spirea, Kelley",1102024149,1,1,0,1,5,3,42,52.0,MA,2451,9/30/1975,Female,Married,US Citizen,No,White,10/2/2012,1881,,N/A - still employed,Active,Production Manager,Janet King,Vendor Referral,Fully Meets,0,Employed,0,0,0,1,0,0,0,5.153424657534247,63
64,"Stanley, David ",1000974650,0,2,1,1,5,2,42,53.0,MA,1803,12/17/1975,Male,Divorced,US Citizen,No,White,7/20/2010,2686,,N/A - still employed,Active,Production Manager,Janet King,Monster.com,Needs Improvement,0,Employed,0,0,0,1,0,0,0,7.358904109589041,64
65,"Sullivan, Kissy ",1405067298,1,1,0,1,5,3,40,55.0,MA,1776,3/28/1978,Female,Married,US Citizen,No,Black or African American,1/8/2009,3244,,N/A - still employed,Active,Production Manager,Janet King,Billboard,Fully Meets,0,Employed,0,0,0,1,0,0,1,8.887671232876713,65
66,"Wallace, Courtney  E",1410071026,1,1,0,5,5,3,62,33.5,MA,2478,11/14/1955,Female,Married,US Citizen,No,Black or African American,9/26/2011,98,1/2/2012,Another position,Voluntarily Terminated,Production Manager,Janet King,Diversity Job Fair,Fully Meets,1,Terminated,0,0,0,1,0,0,1,0.2684931506849315,66
67,"Adinolfi, Wilson  K",1409070522,0,0,1,1,5,4,34,20.0,MA,1960,7/10/1983,Male,Single,US Citizen,No,White,7/5/2011,2336,,N/A - still employed,Active,Production Technician I,Michael Albert,MBTA ads,Exceeds,0,Employed,0,0,0,1,0,0,0,6.4,67
68,"Alagbe,Trina",1011022883,1,1,0,1,5,3,29,21.0,MA,1886,9/27/1988,Female,Married,US Citizen,No,White,1/7/2008,3611,,N/A - still employed,Active,Production Technician I,Elijiah Gray,Billboard,Fully Meets,0,Employed,0,0,0,1,0,0,0,9.893150684931507,68
69,"Anderson, Carol ",1001417624,0,2,0,5,5,9,28,16.0,MA,2169,9/8/1989,Female,Divorced,US Citizen,No,White,7/11/2011,57,9/6/2011,return to school,Voluntarily Terminated,Production Technician I,Webster Butler,Word of Mouth,N/A- too early to review,1,Terminated,0,0,0,1,0,0,0,0.15616438356164383,69
70,"Anderson, Linda  ",1304055947,0,0,0,1,5,5,41,23.0,MA,1844,5/22/1977,Female,Single,US Citizen,No,White,1/9/2012,2148,,N/A - still employed,Active,Production Technician I,Amy Dunn,MBTA ads,Exceptional,0,Employed,0,0,0,1,0,0,0,5.884931506849315,70
71,"Athwal, Sam",1301052124,0,4,1,1,5,9,35,22.0,MA,2199,2/18/1983,Male,Widowed,US Citizen,No,White,9/30/2013,1518,,N/A - still employed,Active,Production Technician I,Ketsia Liebig,Employee Referral,N/A- too early to review,0,Employed,0,0,0,1,0,0,0,4.158904109589041,71
72,"Bachiochi, Linda",1212051409,0,0,0,3,5,3,48,22.0,MA,1902,2/11/1970,Female,Single,US Citizen,No,Two or more races,7/6/2009,3065,,N/A - still employed,Leave of Absence,Production Technician I,Brannon Miller,Diversity Job Fair,Fully Meets,0,Employed,0,0,0,1,0,0,1,8.397260273972602,72
73,"Baczenski, Rachael  ",1307060083,1,1,0,5,5,9,44,17.0,MA,1902,1/12/1974,Female,Married,US Citizen,Yes,Hispanic,1/10/2011,2,1/12/2011,Another position,Voluntarily Terminated,Production Technician I,David Stanley,Diversity Job Fair,N/A- too early to review,1,Terminated,0,0,0,1,0,0,1,0.005479452054794521,73
74,"Barbara, Thomas",1312063507,1,1,1,5,5,0,44,22.0,MA,2062,2/21/1974,Male,Married,US Citizen,Yes,Asian,4/2/2012,170,9/19/2012,unhappy,Voluntarily Terminated,Production Technician I,Kissy Sullivan,Diversity Job Fair,90-day meets,1,Terminated,0,0,0,1,0,0,1,0.4657534246575342,74
75,"Barone, Francesco  A",1101023679,0,0,1,1,5,3,34,16.76,MA,1810,7/20/1983,Male,Single,US Citizen,No,Two or more races,2/20/2012,2106,,N/A - still employed,Active,Production Technician I,Kelley Spirea,Social Networks - Facebook Twitter etc,Fully Meets,0,Employed,0,0,0,1,0,0,1,5.76986301369863,75
76,"Barton, Nader",1212051962,0,2,1,5,5,3,40,18.0,MA,2747,7/15/1977,Male,Divorced,US Citizen,No,White,9/24/2012,194,4/6/2013,Another position,Voluntarily Terminated,Production Technician I,Michael Albert,On-line Web application,Fully Meets,1,Terminated,0,0,0,1,0,0,0,0.5315068493150685,76
77,"Beatrice, Courtney ",1403066194,0,0,0,1,5,3,47,22.0,MA,1915,10/27/1970,Female,Single,Eligible NonCitizen,No,White,4/4/2011,2428,,N/A - still employed,Active,Production Technician I,Elijiah Gray,Search Engine - Google Bing Yahoo,Fully Meets,0,Employed,0,0,0,1,0,0,0,6.652054794520548,77
78,"Becker, Scott",1110029777,0,0,1,3,5,3,39,17.0,MA,2452,4/6/1979,Male,Single,US Citizen,No,Asian,7/8/2013,1602,,N/A - still employed,Leave of Absence,Production Technician I,Webster Butler,MBTA ads,Fully Meets,0,Employed,0,0,0,1,0,0,1,4.389041095890411,78
79,"Bernstein, Sean",1109029366,0,0,1,1,5,3,47,16.0,MA,2072,12/22/1970,Male,Single,US Citizen,Yes,White,4/2/2012,2064,,N/A - still employed,Active,Production Technician I,Amy Dunn,Word of Mouth,Fully Meets,0,Employed,0,0,0,1,0,0,0,5.654794520547945,79
80,"Biden, Lowan  M",1412071844,0,2,0,1,5,3,59,22.0,MA,2027,12/27/1958,Female,Divorced,US Citizen,No,Asian,8/19/2013,1560,,N/A - still employed,Active,Production Technician I,Ketsia Liebig,Billboard,Fully Meets,0,Employed,0,0,0,1,0,0,1,4.273972602739726,80
81,"Billis, Helen",1308060366,1,1,0,1,5,4,28,16.0,MA,2031,9/1/1989,Female,Married,US Citizen,No,White,7/7/2014,1238,,N/A - still employed,Active,Production Technician I,Brannon Miller,Professional Society,Exceeds,0,Employed,0,0,0,1,0,0,0,3.3917808219178083,81
82,"Brill, Donna",1406068293,1,1,0,5,5,3,27,20.0,MA,1701,8/24/1990,Female,Married,US Citizen,No,White,4/2/2012,439,6/15/2013,Another position,Voluntarily Terminated,Production Technician I,David Stanley,Search Engine - Google Bing Yahoo,Fully Meets,1,Terminated,0,0,0,1,0,0,0,1.2027397260273973,82
83,"Bugali, Josephine ",1408069635,0,3,0,3,5,3,48,20.0,MA,2043,10/30/1969,Female,Separated,US Citizen,No,Black or African American,11/11/2013,1476,,N/A - still employed,Leave of Absence,Production Technician I,Kissy Sullivan,Diversity Job Fair,Fully Meets,0,Employed,0,0,0,1,0,0,1,4.043835616438356,83
84,"Carey, Michael  ",1311063114,0,0,1,1,5,3,35,20.0,MA,1701,2/2/1983,Male,Single,US Citizen,No,Black or African American,3/31/2014,1336,,N/A - still employed,Active,Production Technician I,Kelley Spirea,MBTA ads,Fully Meets,0,Employed,0,0,0,1,0,0,1,3.66027397260274,84
85,"Chace, Beatrice ",1208048062,0,0,0,1,5,3,67,16.0,MA,2763,1/2/1951,Female,Single,US Citizen,No,White,9/29/2014,1154,,N/A - still employed,Active,Production Technician I,Michael Albert,Search Engine - Google Bing Yahoo,Fully Meets,0,Employed,0,0,0,1,0,0,0,3.1616438356164385,85
86,"Chan, Lin",1305057282,0,0,0,1,5,3,39,19.5,MA,2170,2/12/1979,Female,Single,US Citizen,No,White,5/12/2014,1294,,N/A - still employed,Active,Production Technician I,Elijiah Gray,Internet Search,Fully Meets,0,Employed,0,0,0,1,0,0,0,3.5452054794520547,86
87,"Chang, Donovan  E",1111030129,0,0,1,1,5,3,34,22.0,MA,1845,8/24/1983,Male,Single,US Citizen,No,White,7/8/2013,1602,,N/A - still employed,Active,Production Technician I,Webster Butler,Newspager/Magazine,Fully Meets,0,Employed,0,0,0,1,0,0,0,4.389041095890411,87
88,"Chivukula, Enola",1101023394,0,0,0,5,5,0,34,21.0,MA,1775,8/27/1983,Female,Single,US Citizen,No,White,6/27/2011,1602,11/15/2015,relocation out of area,Voluntarily Terminated,Production Technician I,Amy Dunn,Other,90-day meets,1,Terminated,0,0,0,1,0,0,0,4.389041095890411,88
89,"Cierpiszewski, Caroline  ",1012023295,0,0,0,1,5,3,30,22.0,MA,2044,5/31/1988,Female,Single,Non-Citizen,No,Black or African American,10/3/2011,2246,,N/A - still employed,Active,Production Technician I,Ketsia Liebig,Pay Per Click - Google,Fully Meets,0,Employed,0,0,0,1,0,0,1,6.153424657534247,89
90,"Clukey, Elijian",1407069280,1,1,1,2,5,4,37,24.75,MA,2134,8/26/1980,Male,Married,US Citizen,No,White,7/6/2016,508,,N/A - Has not started yet,Future Start,Production Technician I,Brannon Miller,Employee Referral,Exceeds,0,Employed,0,0,0,1,0,0,0,1.3917808219178083,90
91,"Cockel, James",1599991009,0,0,1,1,5,3,40,15.0,MA,2452,9/8/1977,Male,Single,US Citizen,No,White,7/8/2013,1602,,N/A - still employed,Active,Production Technician I,David Stanley,Employee Referral,Fully Meets,0,Employed,0,0,0,1,0,0,0,4.389041095890411,91
92,"Cole, Spencer",1001450968,0,0,1,4,5,2,38,15.0,MA,1880,8/12/1979,Male,Single,US Citizen,No,Black or African American,7/11/2011,440,9/23/2012,performance,Terminated for Cause,Production Technician I,Kissy Sullivan,MBTA ads,Needs Improvement,1,Terminated,0,0,0,1,0,0,1,1.2054794520547945,92
93,"Cornett, Lisa ",1403066069,1,1,0,1,5,0,41,15.75,MA,2189,3/31/1977,Female,Married,US Citizen,Yes,White,1/5/2015,1056,,N/A - still employed,Active,Production Technician I,Kelley Spirea,Billboard,90-day meets,0,Employed,0,0,0,1,0,0,0,2.893150684931507,93
94,"Crimmings,   Jean",1311063172,0,0,0,2,5,9,31,19.75,MA,1821,4/10/1987,Female,Single,US Citizen,No,White,7/6/2016,508,,N/A - Has not started yet,Future Start,Production Technician I,Michael Albert,Newspager/Magazine,N/A- too early to review,0,Employed,0,0,0,1,0,0,0,1.3917808219178083,94
95,"Darson, Jene'ya ",1001109612,1,1,0,1,5,3,39,15.0,MA,2110,11/5/1978,Female,Married,US Citizen,No,White,7/2/2012,1973,,N/A - still employed,Active,Production Technician I,Elijiah Gray,Billboard,Fully Meets,0,Employed,0,0,0,1,0,0,0,5.405479452054794,95
96,"DeGweck,  James",1306058816,1,1,1,5,5,3,40,23.5,MA,1810,10/31/1977,Male,Married,US Citizen,No,White,5/16/2011,1484,6/8/2015,unhappy,Voluntarily Terminated,Production Technician I,Webster Butler,Billboard,Fully Meets,1,Terminated,0,0,0,1,0,0,0,4.065753424657534,96
97,"Desimone, Carl ",1501072124,1,1,1,1,5,1,51,20.0,MA,2061,4/19/1967,Male,Married,US Citizen,No,White,7/7/2014,1238,,N/A - still employed,Active,Production Technician I,Amy Dunn,Professional Society,PIP,0,Employed,0,0,0,1,0,0,0,3.3917808219178083,97
98,"Dickinson, Geoff ",706006285,0,0,1,1,5,3,35,21.0,MA,2180,11/15/1982,Male,Single,US Citizen,No,White,5/12/2014,1294,,N/A - still employed,Active,Production Technician I,Ketsia Liebig,Pay Per Click - Google,Fully Meets,0,Employed,0,0,0,1,0,0,0,3.5452054794520547,98
99,"DiNocco, Lily ",1209048696,1,1,0,1,5,2,39,22.0,MA,2351,12/2/1978,Female,Married,US Citizen,No,Black or African American,1/7/2013,1784,,N/A - still employed,Active,Production Technician I,Brannon Miller,Pay Per Click - Google,Needs Improvement,0,Employed,0,0,0,1,0,0,1,4.887671232876713,99
100,"Dobrin, Denisa  S",1202031618,0,0,0,1,5,3,31,16.75,MA,2125,10/7/1986,Female,Single,US Citizen,Yes,White,4/2/2012,2064,,N/A - still employed,Active,Production Technician I,David Stanley,Monster.com,Fully Meets,0,Employed,0,0,0,1,0,0,0,5.654794520547945,100
101,"Eaton, Marianne",1406067865,1,1,0,5,5,3,26,17.0,MA,2343,9/5/1991,Female,Married,US Citizen,No,White,4/4/2011,794,6/6/2013,military,Voluntarily Terminated,Production Technician I,Kissy Sullivan,Search Engine - Google Bing Yahoo,Fully Meets,1,Terminated,0,0,0,1,0,0,0,2.175342465753425,101
102,"Engdahl, Jean",1007020403,0,0,1,1,5,3,44,21.25,MA,2026,5/31/1974,Male,Single,US Citizen,No,White,11/10/2014,1112,,N/A - still employed,Active,Production Technician I,Kelley Spirea,MBTA ads,Fully Meets,0,Employed,0,0,0,1,0,0,0,3.0465753424657533,102
103,"England, Rex",1101023612,1,1,1,1,5,0,39,21.0,MA,2045,8/25/1978,Male,Married,US Citizen,No,White,3/31/2014,1336,,N/A - still employed,Active,Production Technician I,Kelley Spirea,Employee Referral,90-day meets,0,Employed,0,0,0,1,0,0,0,3.66027397260274,103
104,"Estremera, Miguel",1104025243,0,0,1,4,5,2,34,17.0,MA,2129,9/2/1983,Male,Single,US Citizen,No,White,4/2/2012,908,9/27/2014,attendance,Terminated for Cause,Production Technician I,Michael Albert,Word of Mouth,Needs Improvement,1,Terminated,0,0,0,1,0,0,0,2.4876712328767123,104
105,"Evensen, April",1107027392,0,0,0,4,5,9,29,18.0,MA,2458,5/6/1989,Female,Single,US Citizen,No,White,2/17/2014,8,2/25/2014,"no-call, no-show",Terminated for Cause,Production Technician I,Elijiah Gray,Word of Mouth,N/A- too early to review,1,Terminated,0,0,0,1,0,0,0,0.021917808219178082,105
106,"Ferguson, Susan",1502072511,1,1,0,5,5,3,63,20.0,MA,2176,4/14/1955,Female,Married,US Citizen,No,White,11/7/2011,922,5/17/2014,military,Voluntarily Terminated,Production Technician I,Webster Butler,Search Engine - Google Bing Yahoo,Fully Meets,1,Terminated,0,0,0,1,0,0,0,2.526027397260274,106
107,"Fernandes, Nilson  ",1302053339,1,1,1,1,5,9,28,18.0,MA,2132,10/18/1989,Male,Married,US Citizen,No,White,5/11/2015,930,,N/A - still employed,Active,Production Technician I,Amy Dunn,Professional Society,N/A- too early to review,0,Employed,0,0,0,1,0,0,0,2.547945205479452,107
108,"Ferreira, Violeta",803009012,0,0,0,1,5,3,31,23.0,MA,2176,6/10/1986,Female,Single,US Citizen,No,White,2/20/2012,2106,,N/A - still employed,Active,Production Technician I,Ketsia Liebig,Newspager/Magazine,Fully Meets,0,Employed,0,0,0,1,0,0,0,5.76986301369863,108
109,"Fidelia,  Libby",1006020020,1,1,0,1,5,3,37,24.0,MA,2155,3/16/1981,Female,Married,US Citizen,No,White,1/9/2012,2148,,N/A - still employed,Active,Production Technician I,Brannon Miller,Social Networks - Facebook Twitter etc,Fully Meets,0,Employed,0,0,0,1,0,0,0,5.884931506849315,109
110,"Garcia, Raul",1309061015,0,0,1,1,5,9,32,19.0,MA,1905,9/15/1985,Male,Single,US Citizen,Yes,White,3/30/2015,972,,N/A - still employed,Active,Production Technician I,David Stanley,Employee Referral,N/A- too early to review,0,Employed,0,0,0,1,0,0,0,2.663013698630137,110
111,"Garneau, Hamish",1104025414,0,0,1,1,5,3,38,18.0,MA,1550,4/18/1980,Male,Single,US Citizen,No,Asian,7/8/2013,1602,,N/A - still employed,Active,Production Technician I,Kissy Sullivan,Professional Society,Fully Meets,0,Employed,0,0,0,1,0,0,1,4.389041095890411,111
112,"Gaul, Barbara",1105026041,0,0,0,1,5,3,34,24.0,MA,2121,12/2/1983,Female,Single,US Citizen,Yes,Black or African American,5/16/2011,2386,,N/A - still employed,Active,Production Technician I,Kelley Spirea,MBTA ads,Fully Meets,0,Employed,0,0,0,1,0,0,1,6.536986301369863,112
113,"Gentry, Mildred",1501072192,1,1,0,1,5,9,27,19.0,MA,2145,10/1/1990,Female,Married,US Citizen,No,Black or African American,3/30/2015,972,,N/A - still employed,Active,Production Technician I,Michael Albert,Professional Society,N/A- too early to review,0,Employed,0,0,0,1,0,0,1,2.663013698630137,113
114,"Gerke, Melisa",1308060622,0,2,0,5,5,9,48,22.0,MA,2330,5/15/1970,Female,Divorced,US Citizen,No,White,11/7/2011,8,11/15/2011,hours,Voluntarily Terminated,Production Technician I,Elijiah Gray,Diversity Job Fair,N/A- too early to review,1,Terminated,0,0,0,1,0,0,0,0.021917808219178082,114
115,"Gilles, Alex",1008020960,1,1,1,5,5,2,43,15.0,MA,2062,8/9/1974,Male,Married,US Citizen,No,Black or African American,4/2/2012,1179,6/25/2015,military,Voluntarily Terminated,Production Technician I,Webster Butler,Diversity Job Fair,Needs Improvement,1,Terminated,0,0,0,1,0,0,1,3.23013698630137,115
116,"Girifalco, Evelyn",1204032927,0,0,0,1,5,4,38,16.0,MA,2451,5/8/1980,Female,Single,US Citizen,Yes,Two or more races,9/29/2014,1154,,N/A - still employed,Active,Production Technician I,Amy Dunn,Professional Society,Exceeds,0,Employed,0,0,0,1,0,0,1,3.1616438356164385,116
117,"Gold, Shenice  ",1408069539,0,0,0,1,5,3,25,17.0,MA,2451,6/18/1992,Female,Single,US Citizen,Yes,White,11/11/2013,1476,,N/A - still employed,Active,Production Technician I,Ketsia Liebig,Glassdoor,Fully Meets,0,Employed,0,0,0,1,0,0,0,4.043835616438356,117
118,"Gonzalez, Cayo",1411071212,0,2,1,1,5,4,48,16.0,MA,2108,9/29/1969,Male,Divorced,US Citizen,No,American Indian or Alaska Native,7/11/2011,2330,,N/A - still employed,Active,Production Technician I,Brannon Miller,Diversity Job Fair,Exceeds,0,Employed,0,0,0,1,0,0,1,6.383561643835616,118
119,"Gordon, David",1106026579,1,1,1,1,5,3,39,15.0,MA,2169,5/21/1979,Male,Married,US Citizen,No,White,7/2/2012,1973,,N/A - still employed,Active,Production Technician I,David Stanley,MBTA ads,Fully Meets,0,Employed,0,0,0,1,0,0,0,5.405479452054794,119
120,"Goyal, Roxana",1312063675,1,1,0,3,5,3,43,24.0,MA,1864,10/9/1974,Female,Married,US Citizen,No,Asian,8/19/2013,1560,,N/A - still employed,Leave of Absence,Production Technician I,Kissy Sullivan,On-campus Recruiting,Fully Meets,0,Employed,0,0,0,1,0,0,1,4.273972602739726,120
121,"Gross, Paula",1103024859,0,2,0,5,5,3,35,14.0,MA,2176,5/21/1983,Female,Divorced,US Citizen,No,White,2/21/2011,1055,1/11/2014,more money,Voluntarily Terminated,Production Technician I,Kelley Spirea,Monster.com,Fully Meets,1,Terminated,0,0,0,1,0,0,0,2.8904109589041096,121
122,"Handschiegl, Joanne",1405067064,1,1,0,1,5,3,41,24.0,MA,2127,3/23/1977,Female,Married,US Citizen,No,White,11/28/2011,2190,,N/A - still employed,Active,Production Technician I,Michael Albert,Word of Mouth,Fully Meets,0,Employed,0,0,0,1,0,0,0,6.0,122
123,"Harrell, Ludwick",1406068241,1,1,1,1,5,3,35,21.0,MA,1776,9/2/1982,Male,Married,US Citizen,No,Asian,5/14/2012,2022,,N/A - still employed,Active,Production Technician I,Elijiah Gray,Search Engine - Google Bing Yahoo,Fully Meets,0,Employed,0,0,0,1,0,0,1,5.53972602739726,123
124,"Harrington, Christie ",1110029602,0,0,0,5,5,3,65,19.75,MA,2324,8/18/1952,Female,Single,US Citizen,No,White,1/9/2012,1436,12/15/2015,retiring,Voluntarily Terminated,Production Technician I,Webster Butler,Monster.com,Fully Meets,1,Terminated,0,0,0,1,0,0,0,3.9342465753424656,124
125,"Harrison, Kara",1404066622,1,1,0,1,5,4,44,20.0,MA,1886,5/2/1974,Female,Married,US Citizen,No,White,5/12/2014,1294,,N/A - still employed,Active,Production Technician I,Amy Dunn,Monster.com,Exceeds,0,Employed,0,0,0,1,0,0,0,3.5452054794520547,125
126,"Heitzman, Anthony",1002017900,0,0,1,1,5,0,34,19.0,MA,2149,1/4/1984,Male,Single,US Citizen,No,White,8/13/2012,1931,,N/A - still employed,Active,Production Technician I,Ketsia Liebig,Social Networks - Facebook Twitter etc,90-day meets,0,Employed,0,0,0,1,0,0,0,5.2904109589041095,126
127,"Ivey, Rose ",1408069882,0,0,0,1,5,3,27,16.0,MA,1775,1/28/1991,Female,Single,US Citizen,No,White,8/19/2013,1560,,N/A - still employed,Active,Production Technician I,Brannon Miller,Professional Society,Fully Meets,0,Employed,0,0,0,1,0,0,0,4.273972602739726,127
128,"Jackson, Maryellen",1201031438,0,0,0,1,5,3,45,20.0,MA,2081,9/11/1972,Female,Single,US Citizen,No,White,11/5/2012,1847,,N/A - still employed,Active,Production Technician I,David Stanley,Newspager/Magazine,Fully Meets,0,Employed,0,0,0,1,0,0,0,5.06027397260274,128
129,"Jacobi, Hannah  ",1503072857,0,2,0,1,5,3,52,21.0,MA,1778,3/22/1966,Female,Divorced,US Citizen,No,White,9/30/2013,1518,,N/A - still employed,Active,Production Technician I,Kissy Sullivan,Employee Referral,Fully Meets,0,Employed,0,0,0,1,0,0,0,4.158904109589041,129
130,"Jhaveri, Sneha  ",1412071713,0,3,0,1,5,3,54,19.0,MA,2109,4/13/1964,Female,Separated,US Citizen,No,White,1/6/2014,1420,,N/A - still employed,Active,Production Technician I,Kelley Spirea,On-campus Recruiting,Fully Meets,0,Employed,0,0,0,1,0,0,0,3.8904109589041096,130
131,"Johnson, George",1105025721,1,1,1,5,5,4,58,17.0,MA,2445,8/19/1959,Male,Married,US Citizen,No,White,11/7/2011,1635,4/29/2016,more money,Voluntarily Terminated,Production Technician I,Michael Albert,Monster.com,Exceeds,1,Terminated,0,0,0,1,0,0,0,4.47945205479452,131
132,"Jung, Judy  ",1107027450,1,1,0,5,5,0,32,21.0,MA,2446,4/17/1986,Female,Married,US Citizen,No,White,1/10/2011,1908,4/1/2016,unhappy,Voluntarily Terminated,Production Technician I,Elijiah Gray,Monster.com,90-day meets,1,Terminated,0,0,0,1,0,0,0,5.227397260273973,132
133,"Keatts, Kramer ",1301052462,0,0,1,1,5,3,42,19.0,MA,1887,1/19/1976,Male,Single,US Citizen,No,White,9/30/2013,1518,,N/A - still employed,Active,Production Technician I,Michael Albert,Billboard,Fully Meets,0,Employed,0,0,0,1,0,0,0,4.158904109589041,133
134,"Kinsella, Kathleen  ",710007401,1,1,0,5,5,0,44,22.0,MA,2170,12/8/1973,Female,Married,US Citizen,No,White,9/26/2011,1347,6/4/2015,more money,Voluntarily Terminated,Production Technician I,Webster Butler,Search Engine - Google Bing Yahoo,90-day meets,1,Terminated,0,0,0,1,0,0,0,3.6904109589041094,134
135,"Kirill, Alexandra  ",903013071,1,1,0,5,5,3,47,24.0,MA,2127,10/8/1970,Female,Married,US Citizen,No,White,9/26/2011,105,1/9/2012,more money,Voluntarily Terminated,Production Technician I,Amy Dunn,Search Engine - Google Bing Yahoo,Fully Meets,1,Terminated,0,0,0,1,0,0,0,0.2876712328767123,135
136,"Knapp, Bradley  J",1304055683,0,0,1,1,5,3,40,14.0,MA,1721,11/10/1977,Male,Single,US Citizen,No,Black or African American,2/17/2014,1378,,N/A - still employed,Active,Production Technician I,Ketsia Liebig,On-campus Recruiting,Fully Meets,0,Employed,0,0,0,1,0,0,1,3.7753424657534245,136
137,"Kretschmer, John",1311062610,1,1,1,1,5,3,38,21.0,MA,1801,2/2/1980,Male,Married,US Citizen,No,Asian,1/10/2011,2512,,N/A - still employed,Active,Production Technician I,Brannon Miller,Pay Per Click - Google,Fully Meets,0,Employed,0,0,0,1,0,0,1,6.882191780821918,137
138,"Langton, Enrico",1304055987,1,1,1,1,5,3,31,17.0,MA,2048,12/9/1986,Male,Married,US Citizen,No,White,7/9/2012,1966,,N/A - still employed,Active,Production Technician I,David Stanley,Newspager/Magazine,Fully Meets,0,Employed,0,0,0,1,0,0,0,5.3863013698630136,138
139,"Leach, Dallas",1408069409,0,0,0,5,5,3,39,19.0,MA,1810,1/17/1979,Female,Single,US Citizen,No,Asian,9/26/2011,693,8/19/2013,return to school,Voluntarily Terminated,Production Technician I,Kissy Sullivan,Monster.com,Fully Meets,1,Terminated,0,0,0,1,0,0,1,1.8986301369863015,139
140,"LeBel, Jonathan  R",1107027575,0,0,1,4,5,0,36,15.0,MA,2050,10/18/1981,Male,Single,US Citizen,No,White,2/21/2011,164,8/4/2011,attendance,Terminated for Cause,Production Technician I,Kelley Spirea,Social Networks - Facebook Twitter etc,90-day meets,1,Terminated,0,0,0,1,0,0,0,0.44931506849315067,140
141,"Linares, Marilyn ",1206042315,1,1,0,5,5,9,37,15.25,MA,1886,3/26/1981,Female,Married,US Citizen,No,White,7/5/2011,83,9/26/2011,unhappy,Voluntarily Terminated,Production Technician I,Michael Albert,Internet Search,N/A- too early to review,1,Terminated,0,0,0,1,0,0,0,0.2273972602739726,141
142,"Lydon, Allison",1101023353,1,1,0,3,5,0,42,20.0,MA,2122,10/22/1975,Female,Married,US Citizen,No,Black or African American,2/16/2015,1014,,N/A - still employed,Leave of Absence,Production Technician I,Elijiah Gray,Website Banner Ads,90-day meets,0,Employed,0,0,0,1,0,0,1,2.778082191780822,142
143,"Lynch, Lindsay",1001138521,0,0,0,5,5,4,45,19.0,MA,1844,2/14/1973,Female,Single,US Citizen,Yes,Two or more races,11/7/2011,1468,11/14/2015,Another position,Voluntarily Terminated,Production Technician I,Webster Butler,Diversity Job Fair,Exceeds,1,Terminated,0,0,0,1,0,0,1,4.021917808219178,143
144,"MacLennan, Samuel",1201031032,0,4,1,5,5,9,45,15.0,MA,1938,11/9/1972,Male,Widowed,US Citizen,No,White,9/24/2012,2,9/26/2012,hours,Voluntarily Terminated,Production Technician I,Amy Dunn,Pay Per Click,N/A- too early to review,1,Terminated,0,0,0,1,0,0,0,0.005479452054794521,144
145,"Mahoney, Lauren  ",1209049259,0,0,0,1,5,3,31,17.0,MA,2189,7/7/1986,Female,Single,US Citizen,No,White,1/6/2014,1420,,N/A - still employed,Active,Production Technician I,Ketsia Liebig,Newspager/Magazine,Fully Meets,0,Employed,0,0,0,1,0,0,0,3.8904109589041096,145
146,"Mangal, Debbie",1308060754,1,1,0,1,5,3,43,23.0,MA,2451,11/7/1974,Female,Married,US Citizen,No,White,11/11/2013,1476,,N/A - still employed,Active,Production Technician I,Brannon Miller,On-campus Recruiting,Fully Meets,0,Employed,0,0,0,1,0,0,0,4.043835616438356,146
147,"Maurice, Shana",1401064327,1,1,0,1,5,0,40,20.0,MA,2330,11/22/1977,Female,Married,US Citizen,No,White,5/31/2011,2371,,N/A - still employed,Active,Production Technician I,David Stanley,Other,90-day meets,0,Employed,0,0,0,1,0,0,0,6.495890410958904,147
148,"Mckenna, Sandy",909015167,1,1,0,1,5,3,31,24.0,MA,2184,1/7/1987,Female,Married,US Citizen,No,Black or African American,1/7/2013,1784,,N/A - still employed,Active,Production Technician I,Kissy Sullivan,Monster.com,Fully Meets,0,Employed,0,0,0,1,0,0,1,4.887671232876713,148
149,"Meads, Elizabeth",1409070245,0,0,0,5,5,3,50,14.0,MA,1760,5/30/1968,Female,Single,US Citizen,No,Black or African American,4/2/2012,1318,11/11/2015,Another position,Voluntarily Terminated,Production Technician I,Kelley Spirea,Diversity Job Fair,Fully Meets,1,Terminated,0,0,0,1,0,0,1,3.610958904109589,149
150,"Medeiros, Jennifer",1109029256,0,0,0,1,5,9,41,20.0,MA,2346,9/22/1976,Female,Single,US Citizen,No,White,3/30/2015,972,,N/A - still employed,Active,Production Technician I,Michael Albert,Monster.com,N/A- too early to review,0,Employed,0,0,0,1,0,0,0,2.663013698630137,150
151,"Motlagh,  Dawn",1102024121,0,2,0,1,5,3,33,15.0,MA,2453,7/7/1984,Female,Divorced,US Citizen,No,White,4/1/2013,1700,,N/A - still employed,Active,Production Technician I,Elijiah Gray,MBTA ads,Fully Meets,0,Employed,0,0,0,1,0,0,0,4.657534246575342,151
152,"Ndzi, Colombui",1204033041,0,0,1,5,5,3,29,18.0,MA,2110,5/2/1989,Male,Single,US Citizen,No,Black or African American,9/26/2011,921,4/4/2014,return to school,Voluntarily Terminated,Production Technician I,Webster Butler,Diversity Job Fair,Fully Meets,1,Terminated,0,0,0,1,0,0,1,2.5232876712328767,152
153,"Ndzi, Horia",1204033041,1,1,1,5,5,3,35,22.0,MA,2421,3/28/1983,Male,Married,US Citizen,No,White,4/1/2013,1150,5/25/2016,more money,Voluntarily Terminated,Production Technician I,Amy Dunn,Employee Referral,Fully Meets,1,Terminated,0,0,0,1,0,0,0,3.1506849315068495,153
154,"Newman, Richard ",1302053044,1,1,1,3,5,3,41,21.0,MA,2136,4/8/1977,Male,Married,US Citizen,No,White,5/12/2014,1294,,N/A - still employed,Leave of Absence,Production Technician I,Ketsia Liebig,On-campus Recruiting,Fully Meets,0,Employed,0,0,0,1,0,0,0,3.5452054794520547,154
155,"Ngodup, Shari ",1403066020,0,3,0,1,5,4,51,15.0,MA,1810,6/3/1967,Female,Separated,US Citizen,No,Asian,4/1/2013,1700,,N/A - still employed,Active,Production Technician I,Brannon Miller,Diversity Job Fair,Exceeds,0,Employed,0,0,0,1,0,0,1,4.657534246575342,155
156,"Nguyen, Lei-Ming",1203032357,0,0,0,1,5,3,33,19.0,MA,2132,7/7/1984,Female,Single,US Citizen,No,White,7/8/2013,1602,,N/A - still employed,Active,Production Technician I,David Stanley,Vendor Referral,Fully Meets,0,Employed,0,0,0,1,0,0,0,4.389041095890411,156
157,"O'hare, Lynn",1206044851,0,0,0,4,5,1,37,18.5,MA,2152,9/30/1980,Female,Single,US Citizen,No,Two or more races,3/31/2014,762,5/1/2016,performance,Terminated for Cause,Production Technician I,Kissy Sullivan,Professional Society,PIP,1,Terminated,0,0,0,1,0,0,1,2.0876712328767124,157
158,"Osturnka, Adeel",1404066949,1,1,1,1,5,4,41,16.0,MA,2478,12/11/1976,Male,Married,US Citizen,No,White,9/30/2013,1518,,N/A - still employed,Active,Production Technician I,Kelley Spirea,On-campus Recruiting,Exceeds,0,Employed,0,0,0,1,0,0,0,4.158904109589041,158
159,"Owad, Clinton",1103024335,0,0,1,1,5,2,38,22.0,MA,1760,11/24/1979,Male,Single,US Citizen,No,Black or African American,2/17/2014,1378,,N/A - still employed,Active,Production Technician I,Michael Albert,MBTA ads,Needs Improvement,0,Employed,0,0,0,1,0,0,1,3.7753424657534245,159
160,"Panjwani, Nina",1109029531,1,1,0,5,5,3,39,18.0,MA,2351,5/1/1979,Female,Married,US Citizen,No,White,2/7/2011,1070,1/12/2014,Another position,Voluntarily Terminated,Production Technician I,Elijiah Gray,Social Networks - Facebook Twitter etc,Fully Meets,1,Terminated,0,0,0,1,0,0,0,2.9315068493150687,160
161,"Pelech, Emil",1307060058,0,0,1,5,5,2,30,24.0,MA,2458,3/17/1988,Male,Single,US Citizen,No,Black or African American,1/10/2011,718,12/28/2012,career change,Voluntarily Terminated,Production Technician I,Webster Butler,Search Engine - Google Bing Yahoo,Needs Improvement,1,Terminated,0,0,0,1,0,0,1,1.9671232876712328,161
162,"Perry, Shakira",1109029186,0,0,0,5,5,3,31,22.0,MA,2176,7/20/1986,Female,Single,US Citizen,No,White,5/16/2011,1623,10/25/2015,medical issues,Voluntarily Terminated,Production Technician I,Amy Dunn,MBTA ads,Fully Meets,1,Terminated,0,0,0,1,0,0,0,4.446575342465754,162
163,"Peterson, Kayla ",1307059944,1,1,0,1,5,3,44,17.0,MA,1749,9/23/1973,Female,Married,US Citizen,No,White,4/26/2010,2771,,N/A - still employed,Active,Production Technician I,Ketsia Liebig,Search Engine - Google Bing Yahoo,Fully Meets,0,Employed,0,0,0,1,0,0,0,7.5917808219178085,163
164,"Pham, Hong",1305057440,1,1,1,5,5,3,30,18.0,MA,2451,3/6/1988,Male,Married,US Citizen,No,White,7/5/2011,514,11/30/2012,more money,Voluntarily Terminated,Production Technician I,Brannon Miller,Search Engine - Google Bing Yahoo,Fully Meets,1,Terminated,0,0,0,1,0,0,0,1.4082191780821918,164
165,"Pitt, Brad ",1001735072,0,0,1,1,5,3,36,17.0,MA,2451,11/23/1981,Male,Single,US Citizen,No,Black or African American,11/5/2007,3674,,N/A - still employed,Active,Production Technician I,David Stanley,Search Engine - Google Bing Yahoo,Fully Meets,0,Employed,0,0,0,1,0,0,1,10.065753424657535,165
166,"Power, Morissa",1102024274,0,2,0,5,5,9,33,19.0,MA,1742,10/15/1984,Female,Divorced,Eligible NonCitizen,No,Asian,5/16/2011,19,6/4/2011,Another position,Voluntarily Terminated,Production Technician I,Kissy Sullivan,Social Networks - Facebook Twitter etc,N/A- too early to review,1,Terminated,0,0,0,1,0,0,1,0.052054794520547946,166
167,"Punjabhi, Louis  ",1401064562,0,0,1,1,5,3,56,16.0,MA,2109,6/19/1961,Male,Single,US Citizen,No,White,1/6/2014,1420,,N/A - still employed,Active,Production Technician I,Kelley Spirea,Employee Referral,Fully Meets,0,Employed,0,0,0,1,0,0,0,3.8904109589041096,167
168,"Purinton, Janine",1011022926,0,2,0,5,5,3,47,16.0,MA,2474,9/22/1970,Female,Divorced,US Citizen,No,White,9/24/2012,267,6/18/2013,unhappy,Voluntarily Terminated,Production Technician I,Kissy Sullivan,Billboard,Fully Meets,1,Terminated,0,0,0,1,0,0,0,0.7315068493150685,168
169,"Rarrick, Quinn",1208048229,0,2,1,5,5,3,33,21.0,MA,2478,12/31/1984,Male,Divorced,US Citizen,No,White,9/26/2011,194,4/7/2012,more money,Voluntarily Terminated,Production Technician I,Michael Albert,Pay Per Click - Google,Fully Meets,1,Terminated,0,0,0,1,0,0,0,0.5315068493150685,169
170,"Rhoads, Thomas",1211050793,0,2,1,5,5,3,35,20.0,MA,2176,7/22/1982,Male,Divorced,US Citizen,Yes,White,5/16/2011,1705,1/15/2016,retiring,Voluntarily Terminated,Production Technician I,Elijiah Gray,Professional Society,Fully Meets,1,Terminated,0,0,0,1,0,0,0,4.671232876712328,170
171,"Rivera, Haley  ",1405067642,1,1,0,1,5,4,45,22.0,MA,2171,1/12/1973,Female,Married,US Citizen,No,Asian,11/28/2011,2190,,N/A - still employed,Active,Production Technician I,Webster Butler,Search Engine - Google Bing Yahoo,Exceeds,0,Employed,0,0,0,1,0,0,1,6.0,171
172,"Robinson, Alain  ",1206038000,1,1,1,5,5,3,44,24.0,MA,1420,1/7/1974,Male,Married,US Citizen,No,Black or African American,1/10/2011,1842,1/26/2016,attendance,Voluntarily Terminated,Production Technician I,Amy Dunn,Glassdoor,Fully Meets,1,Terminated,0,0,0,1,0,0,1,5.046575342465753,172
173,"Robinson, Cherly",1403065625,1,1,0,4,5,2,33,16.0,MA,1460,1/7/1985,Female,Married,US Citizen,No,White,1/10/2011,1954,5/17/2016,attendance,Terminated for Cause,Production Technician I,Ketsia Liebig,Glassdoor,Needs Improvement,1,Terminated,0,0,0,1,0,0,0,5.353424657534247,173
174,"Robinson, Elias",1011022887,0,4,1,1,5,5,33,17.0,MA,1730,1/28/1985,Male,Widowed,US Citizen,No,White,7/8/2013,1602,,N/A - still employed,Active,Production Technician I,Brannon Miller,Employee Referral,Exceptional,0,Employed,0,0,0,1,0,0,0,4.389041095890411,174
175,"Rose, Ashley  ",710007555,0,3,0,1,5,3,43,17.0,MA,1886,12/5/1974,Female,Separated,US Citizen,No,White,1/6/2014,1420,,N/A - still employed,Active,Production Technician I,David Stanley,Website Banner Ads,Fully Meets,0,Employed,0,0,0,1,0,0,0,3.8904109589041096,175
176,"Rossetti, Bruno",1405067492,0,0,1,5,5,3,31,18.0,MA,2155,3/18/1987,Male,Single,US Citizen,No,White,4/4/2011,497,8/13/2012,Another position,Voluntarily Terminated,Production Technician I,Kissy Sullivan,Search Engine - Google Bing Yahoo,Fully Meets,1,Terminated,0,0,0,1,0,0,0,1.3616438356164384,176
177,"Saar-Beckles, Melinda",1410070998,0,0,0,2,5,9,50,20.0,MA,1801,6/6/1968,Female,Single,US Citizen,No,Black or African American,7/4/2016,510,,N/A - Has not started yet,Future Start,Production Technician I,Kelley Spirea,Diversity Job Fair,N/A- too early to review,0,Employed,0,0,0,1,0,0,1,1.3972602739726028,177
178,"Sadki, Nore  ",1308060535,0,0,1,5,5,3,43,21.0,MA,2148,12/21/1974,Male,Single,US Citizen,No,White,1/5/2009,571,7/30/2010,relocation out of area,Voluntarily Terminated,Production Technician I,Michael Albert,Word of Mouth,Fully Meets,1,Terminated,0,0,0,1,0,0,0,1.5643835616438355,178
179,"Sander, Kamrin",1302053362,1,1,0,1,5,3,29,21.0,MA,2154,7/10/1988,Female,Married,US Citizen,No,Black or African American,9/29/2014,1154,,N/A - still employed,Active,Production Technician I,Elijiah Gray,On-campus Recruiting,Fully Meets,0,Employed,0,0,0,1,0,0,1,3.1616438356164385,179
180,"Sewkumar, Nori",807010161,0,0,0,3,5,3,43,15.2,MA,2191,3/10/1975,Female,Single,US Citizen,No,Asian,9/30/2013,1518,,N/A - still employed,Leave of Absence,Production Technician I,Webster Butler,Search Engine - Google Bing Yahoo,Fully Meets,0,Employed,0,0,0,1,0,0,1,4.158904109589041,180
181,"Shields, Seffi",1205033102,1,1,0,1,5,3,32,15.0,MA,2149,8/24/1985,Female,Married,US Citizen,No,White,8/19/2013,1560,,N/A - still employed,Active,Production Technician I,Amy Dunn,Newspager/Magazine,Fully Meets,0,Employed,0,0,0,1,0,0,0,4.273972602739726,181
182,"Smith, Sade",1501071909,0,0,0,1,5,3,53,24.5,MA,2130,2/2/1965,Female,Single,US Citizen,No,White,11/11/2013,1476,,N/A - still employed,Active,Production Technician I,Ketsia Liebig,Employee Referral,Fully Meets,0,Employed,0,0,0,1,0,0,0,4.043835616438356,182
183,"Sparks, Taylor  ",1410071137,1,1,0,1,5,1,49,16.0,MA,2093,7/20/1968,Female,Married,US Citizen,No,White,2/20/2012,2106,,N/A - still employed,Active,Production Technician I,Brannon Miller,Billboard,PIP,0,Employed,0,0,0,1,0,0,0,5.76986301369863,183
184,"Squatrito, Kristen",1405067138,0,2,0,5,5,4,45,21.0,MA,2359,3/26/1973,Female,Divorced,US Citizen,No,White,5/13/2013,777,6/29/2015,unhappy,Voluntarily Terminated,Production Technician I,David Stanley,MBTA ads,Exceeds,1,Terminated,0,0,0,1,0,0,0,2.128767123287671,184
185,"Stanford,Barbara  M",1111030244,0,2,0,1,5,3,35,14.0,MA,2050,8/25/1982,Female,Divorced,US Citizen,No,Two or more races,1/10/2011,2512,,N/A - still employed,Active,Production Technician I,Kissy Sullivan,Word of Mouth,Fully Meets,0,Employed,0,0,0,1,0,0,1,6.882191780821918,185
186,"Stoica, Rick",1106026896,1,1,1,1,5,3,33,22.0,MA,2301,3/14/1985,Male,Married,US Citizen,No,Asian,2/17/2014,1378,,N/A - still employed,Active,Production Technician I,Kelley Spirea,On-campus Recruiting,Fully Meets,0,Employed,0,0,0,1,0,0,1,3.7753424657534245,186
187,"Sullivan, Timothy",1201031310,1,1,1,1,5,0,35,19.0,MA,2747,10/7/1982,Male,Married,US Citizen,Yes,White,1/5/2015,1056,,N/A - still employed,Active,Production Technician I,Michael Albert,Word of Mouth,90-day meets,0,Employed,0,0,0,1,0,0,0,2.893150684931507,187
188,"Sutwell, Barbara",1407069061,0,0,0,1,5,3,49,14.0,MA,2718,8/15/1968,Female,Single,Eligible NonCitizen,No,Asian,5/14/2012,2022,,N/A - still employed,Active,Production Technician I,Elijiah Gray,Glassdoor,Fully Meets,0,Employed,0,0,0,1,0,0,1,5.53972602739726,188
189,"Tavares, Desiree  ",1405067501,1,1,0,5,5,3,43,15.0,MA,1801,4/3/1975,Female,Married,Non-Citizen,No,Two or more races,4/27/2009,1435,4/1/2013,Another position,Voluntarily Terminated,Production Technician I,Webster Butler,Diversity Job Fair,Fully Meets,1,Terminated,0,0,0,1,0,0,1,3.9315068493150687,189
190,"Theamstern, Sophia",1404066739,0,0,0,5,5,9,53,20.0,MA,2066,5/9/1965,Female,Single,US Citizen,No,White,7/5/2011,62,9/5/2011,return to school,Voluntarily Terminated,Production Technician I,Amy Dunn,Billboard,N/A- too early to review,1,Terminated,0,0,0,1,0,0,0,0.16986301369863013,190
191,"Tinto, Theresa  ",1103024504,0,2,0,5,5,0,34,20.0,MA,1876,7/30/1983,Female,Divorced,US Citizen,No,White,1/10/2011,124,5/14/2011,Another position,Voluntarily Terminated,Production Technician I,Ketsia Liebig,Social Networks - Facebook Twitter etc,90-day meets,1,Terminated,0,0,0,1,0,0,0,0.33972602739726027,191
192,"Tippett, Jeanette",1409070255,0,2,0,1,5,3,51,24.0,MA,2093,6/5/1967,Female,Divorced,US Citizen,No,Black or African American,2/18/2013,1742,,N/A - still employed,Active,Production Technician I,Brannon Miller,Billboard,Fully Meets,0,Employed,0,0,0,1,0,0,1,4.772602739726027,192
193,"Trang, Mei",1012023152,0,0,0,1,5,9,35,22.0,MA,2021,5/16/1983,Female,Single,US Citizen,No,White,2/17/2014,1378,,N/A - still employed,Active,Production Technician I,David Stanley,Professional Society,N/A- too early to review,0,Employed,0,0,0,1,0,0,0,3.7753424657534245,193
194,"Veera, Abdellah ",1203032235,0,2,1,5,5,4,31,19.0,MA,2171,1/31/1987,Male,Divorced,US Citizen,No,White,8/13/2012,1271,2/5/2016,maternity leave - did not return,Voluntarily Terminated,Production Technician I,Kissy Sullivan,Information Session,Exceeds,1,Terminated,0,0,0,1,0,0,0,3.4821917808219176,194
195,"Volk, Colleen",1011022814,1,1,0,4,5,4,32,21.0,MA,2747,6/3/1986,Female,Married,US Citizen,No,White,9/26/2011,1596,2/8/2016,gross misconduct,Terminated for Cause,Production Technician I,Kelley Spirea,Social Networks - Facebook Twitter etc,Exceeds,1,Terminated,0,0,0,1,0,0,0,4.372602739726028,195
196,"Von Massenbach, Anna",1106026474,0,0,0,2,5,9,33,20.0,MA,2124,4/6/1985,Female,Single,US Citizen,No,White,7/5/2015,875,,N/A - Has not started yet,Future Start,Production Technician I,Michael Albert,Newspager/Magazine,N/A- too early to review,0,Employed,0,0,0,1,0,0,0,2.3972602739726026,196
197,"Wallace, Theresa",1101023619,0,0,0,5,5,2,37,15.0,MA,1887,8/2/1980,Female,Single,US Citizen,No,White,8/13/2012,1114,9/1/2015,career change,Voluntarily Terminated,Production Technician I,Elijiah Gray,Monster.com,Needs Improvement,1,Terminated,0,0,0,1,0,0,0,3.052054794520548,197
198,"Whittier, Scott",1307060212,0,0,1,5,5,0,31,23.0,MA,2030,5/24/1987,Male,Single,US Citizen,Yes,White,1/10/2011,125,5/15/2011,hours,Voluntarily Terminated,Production Technician I,Webster Butler,Newspager/Magazine,90-day meets,1,Terminated,0,0,0,1,0,0,0,0.3424657534246575,198
199,"Wilber, Barry",1101023839,1,1,1,5,5,3,52,21.0,MA,2324,9/9/1965,Male,Married,Eligible NonCitizen,No,White,5/16/2011,1575,9/7/2015,unhappy,Voluntarily Terminated,Production Technician I,Amy Dunn,Website Banner Ads,Fully Meets,1,Terminated,0,0,0,1,0,0,0,4.315068493150685,199
200,"Williams, Jacquelyn  ",1308060671,0,0,0,5,5,3,48,16.0,MA,2109,10/2/1969,Female,Single,US Citizen,Yes,Two or more races,1/9/2012,1265,6/27/2015,relocation out of area,Voluntarily Terminated,Production Technician I,Ketsia Liebig,Diversity Job Fair,Fully Meets,1,Terminated,0,0,0,1,0,0,1,3.4657534246575343,200
201,"Ybarra, Catherine ",1001268402,0,0,0,5,5,1,36,22.0,MA,2458,5/4/1982,Female,Single,US Citizen,No,Asian,9/2/2008,2583,9/29/2015,Another position,Voluntarily Terminated,Production Technician I,Brannon Miller,Search Engine - Google Bing Yahoo,PIP,1,Terminated,0,0,0,1,0,0,1,7.076712328767123,201
202,"Zima, Colleen",1211051232,0,4,0,1,5,3,39,15.0,MA,1730,8/17/1978,Female,Widowed,US Citizen,No,Asian,9/29/2014,1154,,N/A - still employed,Active,Production Technician I,David Stanley,On-campus Recruiting,Fully Meets,0,Employed,0,0,0,1,0,0,1,3.1616438356164385,202
203,"Akinkuolie, Sarah",1005019209,1,1,0,5,5,0,29,29.0,MA,1810,9/19/1988,Female,Married,US Citizen,No,White,7/5/2011,447,9/24/2012,hours,Voluntarily Terminated,Production Technician II,Kissy Sullivan,Newspager/Magazine,90-day meets,1,Terminated,0,0,0,1,0,0,0,1.2246575342465753,203
204,"Beak, Kimberly  ",1303054329,1,1,0,2,5,4,52,27.0,MA,2145,4/17/1966,Female,Married,US Citizen,No,White,7/21/2016,493,,N/A - Has not started yet,Future Start,Production Technician II,Kelley Spirea,Employee Referral,Exceeds,0,Employed,0,0,0,1,0,0,0,1.3506849315068492,204
205,"Blount, Dianna",1403066125,0,0,0,1,5,2,27,27.0,MA,2171,9/21/1990,Female,Single,US Citizen,No,White,4/4/2011,2428,,N/A - still employed,Active,Production Technician II,Michael Albert,Monster.com,Needs Improvement,0,Employed,0,0,0,1,0,0,0,6.652054794520548,205
206,"Bondwell, Betsy",1008021030,0,0,0,5,5,0,51,26.0,MA,2210,1/16/1967,Female,Single,US Citizen,No,White,1/10/2011,1180,4/4/2014,career change,Voluntarily Terminated,Production Technician II,Elijiah Gray,Search Engine - Google Bing Yahoo,90-day meets,1,Terminated,0,0,0,1,0,0,0,3.232876712328767,206
207,"Buccheri, Joseph  ",1101023457,0,0,1,1,5,3,34,22.0,MA,1013,7/28/1983,Male,Single,US Citizen,No,White,9/29/2014,1154,,N/A - still employed,Active,Production Technician II,Webster Butler,Word of Mouth,Fully Meets,0,Employed,0,0,0,1,0,0,0,3.1616438356164385,207
208,"Burke, Joelle",1011022820,0,0,0,1,5,3,38,25.0,MA,2148,3/2/1980,Female,Single,US Citizen,No,Black or African American,3/5/2012,2092,,N/A - still employed,Active,Production Technician II,Amy Dunn,Employee Referral,Fully Meets,0,Employed,0,0,0,1,0,0,1,5.7315068493150685,208
209,"Burkett, Benjamin ",1301052449,1,1,1,1,5,3,40,26.0,MA,1890,8/19/1977,Male,Married,US Citizen,No,White,4/4/2011,2428,,N/A - still employed,Active,Production Technician II,Ketsia Liebig,Careerbuilder,Fully Meets,0,Employed,0,0,0,1,0,0,0,6.652054794520548,209
210,"Cloninger, Jennifer",1012023226,1,1,0,5,5,0,36,25.0,MA,1752,8/31/1981,Female,Married,US Citizen,No,White,5/16/2011,602,1/7/2013,unhappy,Voluntarily Terminated,Production Technician II,Brannon Miller,Word of Mouth,90-day meets,1,Terminated,0,0,0,1,0,0,0,1.6493150684931508,210
211,"Close, Phil",1209048697,1,1,1,5,5,3,39,26.0,MA,2169,11/25/1978,Male,Married,US Citizen,No,White,8/30/2010,392,9/26/2011,career change,Voluntarily Terminated,Production Technician II,David Stanley,Other,Fully Meets,1,Terminated,0,0,0,1,0,0,0,1.073972602739726,211
212,"Davis, Daniel",1201031274,0,0,1,1,5,0,38,25.0,MA,2458,9/14/1979,Male,Single,Eligible NonCitizen,No,Two or more races,11/7/2011,2211,,N/A - still employed,Active,Production Technician II,Kissy Sullivan,Newspager/Magazine,90-day meets,0,Employed,0,0,0,1,0,0,1,6.057534246575343,212
213,"Demita, Carla",1104025179,0,3,0,5,5,3,67,29.0,MA,2343,2/25/1951,Female,Separated,US Citizen,No,Black or African American,4/4/2011,1675,11/4/2015,more money,Voluntarily Terminated,Production Technician II,Kelley Spirea,Search Engine - Google Bing Yahoo,Fully Meets,1,Terminated,0,0,0,1,0,0,1,4.589041095890411,213
214,"Erilus, Angela",1105025661,0,3,0,1,5,1,28,24.0,MA,2133,8/25/1989,Female,Separated,US Citizen,No,White,7/7/2014,1238,,N/A - still employed,Active,Production Technician II,Michael Albert,Pay Per Click - Google,PIP,0,Employed,0,0,0,1,0,0,0,3.3917808219178083,214
215,"Faller, Megan ",1108028428,1,1,0,1,5,3,39,27.0,MA,1824,9/22/1978,Female,Married,US Citizen,No,Black or African American,7/7/2014,1238,,N/A - still employed,Active,Production Technician II,Elijiah Gray,Professional Society,Fully Meets,0,Employed,0,0,0,1,0,0,1,3.3917808219178083,215
216,"Fancett, Nicole",1402065085,0,0,0,1,5,3,30,24.0,MA,2324,9/27/1987,Female,Single,US Citizen,No,Black or African American,2/17/2014,1378,,N/A - still employed,Active,Production Technician II,Webster Butler,Newspager/Magazine,Fully Meets,0,Employed,0,0,0,1,0,0,1,3.7753424657534245,216
217,"Fitzpatrick, Michael  J",1109029103,0,0,1,5,5,3,36,29.0,MA,2143,10/1/1981,Male,Single,US Citizen,Yes,White,5/16/2011,770,6/24/2013,hours,Voluntarily Terminated,Production Technician II,Amy Dunn,Social Networks - Facebook Twitter etc,Fully Meets,1,Terminated,0,0,0,1,0,0,0,2.1095890410958904,217
218,"Foreman, Tanya",1012023204,1,1,0,5,5,3,34,24.0,MA,2170,11/8/1983,Female,Married,US Citizen,No,White,4/4/2011,280,1/9/2012,career change,Voluntarily Terminated,Production Technician II,Ketsia Liebig,Word of Mouth,Fully Meets,1,Terminated,0,0,0,1,0,0,0,0.7671232876712328,218
219,"Gonzalez, Juan",1411071324,1,1,1,5,5,1,53,29.0,MA,2128,10/12/1964,Male,Married,US Citizen,No,Black or African American,4/26/2010,399,5/30/2011,career change,Voluntarily Terminated,Production Technician II,Brannon Miller,Diversity Job Fair,PIP,1,Terminated,0,0,0,1,0,0,1,1.093150684931507,219
220,"Good, Susan",1001549006,1,1,0,3,5,3,32,24.25,MA,1886,5/25/1986,Female,Married,US Citizen,No,White,5/12/2014,1294,,N/A - still employed,Leave of Absence,Production Technician II,David Stanley,Professional Society,Fully Meets,0,Employed,0,0,0,1,0,0,0,3.5452054794520547,220
221,"Gosciminski, Phylicia  ",1108028351,0,3,0,3,5,3,34,27.0,MA,1824,12/8/1983,Female,Separated,US Citizen,No,American Indian or Alaska Native,9/30/2013,1518,,N/A - still employed,Leave of Absence,Production Technician II,Kissy Sullivan,Word of Mouth,Fully Meets,0,Employed,0,0,0,1,0,0,1,4.158904109589041,221
222,"Hankard, Earnest",1307059937,0,0,1,1,5,3,29,24.0,MA,2155,8/10/1988,Male,Single,US Citizen,Yes,White,11/11/2013,1476,,N/A - still employed,Active,Production Technician II,Kelley Spirea,Newspager/Magazine,Fully Meets,0,Employed,0,0,0,1,0,0,0,4.043835616438356,222
223,"Hendrickson, Trina",1011022932,0,0,0,5,5,3,45,24.0,MA,2021,8/27/1972,Female,Single,US Citizen,No,White,1/10/2011,770,2/18/2013,hours,Voluntarily Terminated,Production Technician II,Kelley Spirea,Monster.com,Fully Meets,1,Terminated,0,0,0,1,0,0,0,2.1095890410958904,223
224,"Homberger, Adrienne  J",1207046956,1,1,0,5,5,3,34,28.0,MA,2445,2/16/1984,Female,Married,Non-Citizen,No,White,8/15/2011,236,4/7/2012,relocation out of area,Voluntarily Terminated,Production Technician II,Michael Albert,Glassdoor,Fully Meets,1,Terminated,0,0,0,1,0,0,0,0.6465753424657534,224
225,"Hunts, Julissa",1106026433,0,0,0,2,5,9,34,25.0,MA,2021,3/11/1984,Female,Single,US Citizen,No,White,6/6/2016,538,,N/A - Has not started yet,Future Start,Production Technician II,Elijiah Gray,Vendor Referral,N/A- too early to review,0,Employed,0,0,0,1,0,0,0,1.473972602739726,225
226,"Hutter, Rosalie",1103024924,0,3,0,2,5,9,26,28.0,MA,2351,5/7/1992,Female,Separated,US Citizen,No,White,6/5/2015,905,,N/A - Has not started yet,Future Start,Production Technician II,Webster Butler,Other,N/A- too early to review,0,Employed,0,0,0,1,0,0,0,2.4794520547945207,226
227,"Huynh, Ming",1306058509,0,2,0,5,5,3,41,23.0,MA,1742,9/22/1976,Female,Divorced,US Citizen,No,White,2/21/2011,770,4/1/2013,unhappy,Voluntarily Terminated,Production Technician II,Amy Dunn,Search Engine - Google Bing Yahoo,Fully Meets,1,Terminated,0,0,0,1,0,0,0,2.1095890410958904,227
228,"Jeannite, Tayana",1008020942,0,2,0,1,5,4,31,22.5,MA,1821,11/6/1986,Female,Divorced,US Citizen,No,American Indian or Alaska Native,7/5/2011,2336,,N/A - still employed,Active,Production Technician II,Ketsia Liebig,MBTA ads,Exceeds,0,Employed,0,0,0,1,0,0,1,6.4,228
229,"Johnston, Yen",1306057810,0,0,0,1,5,5,48,25.0,MA,2128,9/8/1969,Female,Single,US Citizen,No,White,7/7/2014,1238,,N/A - still employed,Active,Production Technician II,Brannon Miller,Professional Society,Exceptional,0,Employed,0,0,0,1,0,0,0,3.3917808219178083,229
230,"Langford, Lindsey",1010022030,0,2,0,5,5,3,38,22.0,MA,2090,7/25/1979,Female,Divorced,US Citizen,No,Asian,1/7/2013,448,3/31/2014,Another position,Voluntarily Terminated,Production Technician II,David Stanley,Glassdoor,Fully Meets,1,Terminated,0,0,0,1,0,0,1,1.2273972602739727,230
231,"Latif, Mohammed",1104025486,1,1,1,5,5,3,34,28.0,MA,2126,5/9/1984,Male,Married,US Citizen,No,White,4/2/2012,378,4/15/2013,more money,Voluntarily Terminated,Production Technician II,Kissy Sullivan,Word of Mouth,Fully Meets,1,Terminated,0,0,0,1,0,0,0,1.0356164383561643,231
232,"Linden, Mathew",1405067565,1,1,1,3,5,3,39,22.0,MA,1770,3/19/1979,Male,Married,US Citizen,No,White,7/8/2013,1602,,N/A - still employed,Leave of Absence,Production Technician II,Kelley Spirea,Information Session,Fully Meets,0,Employed,0,0,0,1,0,0,0,4.389041095890411,232
233,"Lundy, Susan",1305056276,0,4,0,5,5,9,41,24.0,MA,2122,12/26/1976,Female,Widowed,US Citizen,No,White,7/8/2013,69,9/15/2013,more money,Voluntarily Terminated,Production Technician II,Michael Albert,On-campus Recruiting,N/A- too early to review,1,Terminated,0,0,0,1,0,0,0,0.18904109589041096,233
234,"Lunquist, Lisa",1001504432,0,0,0,1,5,4,36,26.1,MA,2324,3/28/1982,Female,Single,US Citizen,No,Black or African American,8/19/2013,1560,,N/A - still employed,Active,Production Technician II,Elijiah Gray,Glassdoor,Exceeds,0,Employed,0,0,0,1,0,0,1,4.273972602739726,234
235,"Manchester, Robyn",1110029623,1,1,0,2,5,9,41,23.0,MA,2324,8/25/1976,Female,Married,US Citizen,No,White,5/11/2016,564,,N/A - Has not started yet,Future Start,Production Technician II,Webster Butler,Vendor Referral,N/A- too early to review,0,Employed,0,0,0,1,0,0,0,1.5452054794520549,235
236,"Mancuso, Karen",1304055986,1,1,0,5,5,9,31,23.0,MA,2176,12/10/1986,Female,Married,US Citizen,No,Two or more races,7/5/2011,45,8/19/2011,Another position,Voluntarily Terminated,Production Technician II,Amy Dunn,Newspager/Magazine,N/A- too early to review,1,Terminated,0,0,0,1,0,0,1,0.1232876712328767,236
237,"McCarthy, Brigit",1406067957,0,0,0,1,5,9,31,26.0,MA,2149,5/21/1987,Female,Single,US Citizen,No,White,3/30/2015,972,,N/A - still employed,Active,Production Technician II,Ketsia Liebig,Newspager/Magazine,N/A- too early to review,0,Employed,0,0,0,1,0,0,0,2.663013698630137,237
238,"Miller, Ned",1205033439,0,0,1,5,5,1,32,25.0,MA,2472,6/29/1985,Male,Single,US Citizen,No,White,8/15/2011,1116,9/4/2014,unhappy,Voluntarily Terminated,Production Technician II,Brannon Miller,MBTA ads,PIP,1,Terminated,0,0,0,1,0,0,0,3.0575342465753423,238
239,"Monkfish, Erasumus",1404066711,1,1,1,1,5,3,25,27.0,MA,1450,8/17/1992,Male,Married,US Citizen,No,White,11/7/2011,2211,,N/A - still employed,Active,Production Technician II,David Stanley,Professional Society,Fully Meets,0,Employed,0,0,0,1,0,0,0,6.057534246575343,239
240,"Monterro, Luisa",1001103149,0,0,0,1,5,5,48,25.0,MA,2126,4/24/1970,Female,Single,US Citizen,No,Black or African American,5/13/2013,1658,,N/A - still employed,Active,Production Technician II,Kissy Sullivan,Billboard,Exceptional,0,Employed,0,0,0,1,0,0,1,4.542465753424658,240
241,"Moran, Patrick",1408069503,0,0,1,3,5,3,41,26.0,MA,2127,12/3/1976,Male,Single,US Citizen,No,Hispanic,1/9/2012,2148,,N/A - still employed,Leave of Absence,Production Technician II,Kelley Spirea,Diversity Job Fair,Fully Meets,0,Employed,0,0,0,1,0,0,1,5.884931506849315,241
242,"Moumanil, Maliki ",1301052436,0,3,1,1,5,3,43,29.0,MA,1460,12/1/1974,Male,Separated,US Citizen,No,Black or African American,5/13/2013,1658,,N/A - still employed,Active,Production Technician II,Michael Albert,On-campus Recruiting,Fully Meets,0,Employed,0,0,0,1,0,0,1,4.542465753424658,242
243,"Nowlan, Kristie",1104025435,0,0,0,1,5,3,32,26.39,MA,1040,11/23/1985,Female,Single,US Citizen,No,White,11/10/2014,1112,,N/A - still employed,Active,Production Technician II,Elijiah Gray,Glassdoor,Fully Meets,0,Employed,0,0,0,1,0,0,0,3.0465753424657533,243
244,"Oliver, Brooke ",1001856521,1,1,0,5,5,0,66,25.0,MA,2492,2/11/1952,Female,Married,US Citizen,No,Asian,5/14/2012,462,8/19/2013,unhappy,Voluntarily Terminated,Production Technician II,Webster Butler,Newspager/Magazine,90-day meets,1,Terminated,0,0,0,1,0,0,1,1.2657534246575342,244
245,"Pelletier, Ermine",1202031821,1,1,0,5,5,9,28,28.0,MA,2472,7/18/1989,Female,Married,US Citizen,No,Asian,7/5/2011,72,9/15/2011,unhappy,Voluntarily Terminated,Production Technician II,Amy Dunn,Monster.com,N/A- too early to review,1,Terminated,0,0,0,1,0,0,1,0.19726027397260273,245
246,"Peters, Lauren",1411071406,1,1,0,5,5,4,31,29.0,MA,1886,8/17/1986,Female,Married,US Citizen,No,White,5/16/2011,264,2/4/2012,more money,Voluntarily Terminated,Production Technician II,Ketsia Liebig,Pay Per Click - Google,Exceeds,1,Terminated,0,0,0,1,0,0,0,0.7232876712328767,246
247,"Petingill, Shana  ",1103024843,1,1,0,1,5,3,39,26.0,MA,2050,3/10/1979,Female,Married,Eligible NonCitizen,No,Asian,4/2/2012,2064,,N/A - still employed,Active,Production Technician II,Brannon Miller,MBTA ads,Fully Meets,0,Employed,0,0,0,1,0,0,1,5.654794520547945,247
248,"Roberson, May",1402065340,0,2,0,5,5,9,36,26.0,MA,1902,9/5/1981,Female,Divorced,Eligible NonCitizen,No,White,9/26/2011,26,10/22/2011,return to school,Voluntarily Terminated,Production Technician II,David Stanley,Search Engine - Google Bing Yahoo,N/A- too early to review,1,Terminated,0,0,0,1,0,0,0,0.07123287671232877,248
249,"Robertson, Peter",1499902991,1,1,1,5,5,3,45,22.0,MA,2138,7/3/1972,Male,Married,US Citizen,No,White,7/5/2011,218,2/8/2012,Another position,Voluntarily Terminated,Production Technician II,Kissy Sullivan,Glassdoor,Fully Meets,1,Terminated,0,0,0,1,0,0,0,0.5972602739726027,249
250,"Sahoo, Adil",1106026462,1,1,1,1,5,3,32,29.0,MA,2062,4/26/1986,Male,Married,US Citizen,No,White,8/30/2010,2645,,N/A - still employed,Active,Production Technician II,Kelley Spirea,Monster.com,Fully Meets,0,Employed,0,0,0,1,0,0,0,7.2465753424657535,250
251,"Sloan, Constance",1012023103,0,0,0,5,5,3,30,23.0,MA,1851,11/25/1987,Female,Single,US Citizen,No,White,10/26/2009,1990,4/8/2015,maternity leave - did not return,Voluntarily Terminated,Production Technician II,Michael Albert,Monster.com,Fully Meets,1,Terminated,0,0,0,1,0,0,0,5.4520547945205475,251
252,"Smith, Joe",1001970770,0,0,1,1,5,4,54,22.0,MA,2045,10/30/1963,Male,Single,US Citizen,No,White,9/29/2014,1154,,N/A - still employed,Active,Production Technician II,Elijiah Gray,Pay Per Click - Google,Exceeds,0,Employed,0,0,0,1,0,0,0,3.1616438356164385,252
253,"Tejeda, Lenora ",1406068345,1,1,0,5,5,3,65,28.75,MA,2129,5/24/1953,Female,Married,US Citizen,No,White,5/16/2011,419,7/8/2012,Another position,Voluntarily Terminated,Production Technician II,Elijiah Gray,Search Engine - Google Bing Yahoo,Fully Meets,1,Terminated,0,0,0,1,0,0,0,1.1479452054794521,253
254,"Thibaud, Kenneth",1011022777,0,4,1,5,5,3,42,23.0,MA,2472,9/16/1975,Male,Widowed,US Citizen,No,White,6/25/2007,1162,8/30/2010,military,Voluntarily Terminated,Production Technician II,Webster Butler,Pay Per Click - Google,Fully Meets,1,Terminated,0,0,0,1,0,0,0,3.1835616438356165,254
255,"Trzeciak, Cybil",1107027551,0,0,0,5,5,3,33,22.0,MA,1778,3/15/1985,Female,Single,US Citizen,No,White,1/10/2011,539,7/2/2012,unhappy,Voluntarily Terminated,Production Technician II,Amy Dunn,Vendor Referral,Fully Meets,1,Terminated,0,0,0,1,0,0,0,1.4767123287671233,255
256,"Walker, Roger",1011022818,0,0,1,1,5,3,42,22.0,MA,2459,2/10/1976,Male,Single,US Citizen,No,Black or African American,8/18/2014,1196,,N/A - still employed,Active,Production Technician II,Ketsia Liebig,Employee Referral,Fully Meets,0,Employed,0,0,0,1,0,0,1,3.276712328767123,256
257,"Winthrop, Jordan  ",1405067188,0,0,1,5,5,4,59,29.0,MA,2045,11/7/1958,Male,Single,US Citizen,No,White,1/7/2013,1140,2/21/2016,retiring,Voluntarily Terminated,Production Technician II,Brannon Miller,Professional Society,Exceeds,1,Terminated,0,0,0,1,0,0,0,3.1232876712328768,257
258,"Wolk, Hang  T",1205033180,0,0,0,1,5,3,33,22.0,MA,2302,4/20/1985,Female,Single,US Citizen,No,White,9/29/2014,1154,,N/A - still employed,Active,Production Technician II,David Stanley,Newspager/Magazine,Fully Meets,0,Employed,0,0,0,1,0,0,0,3.1616438356164385,258
259,"Woodson, Jason",1012023010,0,0,1,1,5,3,33,24.25,MA,1810,5/11/1985,Male,Single,US Citizen,No,White,7/7/2014,1238,,N/A - still employed,Active,Production Technician II,Kissy Sullivan,Vendor Referral,Fully Meets,0,Employed,0,0,0,1,0,0,0,3.3917808219178083,259
260,"Buck, Edward",1504073313,1,1,1,1,6,3,42,55.0,MA,2330,7/7/1975,Male,Married,US Citizen,No,White,9/29/2014,1154,,N/A - still employed,Active,Area Sales Manager,Lynn Daneault,Employee Referral,Fully Meets,0,Employed,0,0,0,0,1,0,0,3.1616438356164385,260
261,"Bunbury, Jessica",1504073368,1,1,0,5,6,3,54,55.0,VA,21851,6/1/1964,Female,Married,Eligible NonCitizen,No,Black or African American,8/15/2011,1083,8/2/2014,Another position,Voluntarily Terminated,Area Sales Manager,John Smith,Social Networks - Facebook Twitter etc,Fully Meets,1,Terminated,0,0,0,0,1,0,1,2.967123287671233,261
262,"Carter, Michelle ",1403065721,0,0,0,1,6,3,55,55.0,VT,5664,5/15/1963,Female,Single,US Citizen,No,White,8/18/2014,1196,,N/A - still employed,Active,Area Sales Manager,John Smith,Billboard,Fully Meets,0,Employed,0,0,0,0,1,0,0,3.276712328767123,262
263,"Costa, Latia",1409070567,0,0,0,1,6,4,29,55.0,CA,90007,11/8/1988,Female,Single,US Citizen,No,White,1/10/2011,2512,,N/A - still employed,Active,Area Sales Manager,Lynn Daneault,Other,Exceeds,0,Employed,0,0,0,0,1,0,0,6.882191780821918,263
264,"Dietrich, Jenna  ",1408069481,0,0,0,1,6,1,31,55.0,WA,98052,5/14/1987,Female,Single,US Citizen,Yes,White,2/20/2012,2106,,N/A - still employed,Active,Area Sales Manager,John Smith,Website Banner Ads,PIP,0,Employed,0,0,0,0,1,0,0,5.76986301369863,264
265,"Digitale, Alfred",1306059197,1,1,1,1,6,3,29,56.0,NH,3062,9/14/1988,Male,Married,US Citizen,No,American Indian or Alaska Native,8/18/2014,1196,,N/A - still employed,Active,Area Sales Manager,John Smith,Pay Per Click - Google,Fully Meets,0,Employed,0,0,0,0,1,0,1,3.276712328767123,265
266,"Fraval, Maruk ",1411071302,0,0,1,1,6,3,54,55.0,CT,6050,8/28/1963,Male,Single,US Citizen,No,Black or African American,9/6/2011,2273,,N/A - still employed,Active,Area Sales Manager,Lynn Daneault,Monster.com,Fully Meets,0,Employed,0,0,0,0,1,0,1,6.227397260273973,266
267,"Friedman, Gerry",1204032843,0,0,1,1,6,3,49,55.5,NY,10171,2/24/1969,Male,Single,US Citizen,Yes,Two or more races,3/7/2011,2456,,N/A - still employed,Active,Area Sales Manager,John Smith,Diversity Job Fair,Fully Meets,0,Employed,0,0,0,0,1,0,1,6.728767123287671,267
268,"Gill, Whitney  ",1302053046,0,4,0,4,6,3,46,55.0,OH,43050,7/10/1971,Female,Widowed,US Citizen,No,Black or African American,7/7/2014,425,9/5/2015,attendance,Terminated for Cause,Area Sales Manager,John Smith,Monster.com,Fully Meets,1,Terminated,0,0,0,0,1,0,1,1.1643835616438356,268
269,"Givens, Myriam",1203032099,0,0,0,1,6,0,28,55.0,IN,46204,9/22/1989,Female,Single,US Citizen,No,White,2/16/2015,1014,,N/A - still employed,Active,Area Sales Manager,Lynn Daneault,Pay Per Click - Google,90-day meets,0,Employed,0,0,0,0,1,0,0,2.778082191780822,269
270,"Gonzales, Ricardo",1411071481,1,1,1,1,6,3,63,55.5,ID,83706,10/12/1954,Male,Married,US Citizen,No,White,5/12/2014,1294,,N/A - still employed,Active,Area Sales Manager,John Smith,Monster.com,Fully Meets,0,Employed,0,0,0,0,1,0,0,3.5452054794520547,270
271,"Guilianno, Mike",1001167253,0,0,1,5,6,3,49,55.0,TN,37129,2/9/1969,Male,Single,US Citizen,No,Two or more races,3/7/2011,1334,10/31/2014,relocation out of area,Voluntarily Terminated,Area Sales Manager,John Smith,Newspager/Magazine,Fully Meets,1,Terminated,0,0,0,0,1,0,1,3.654794520547945,271
272,Jeremy Prater,1001084890,1,1,1,1,6,1,44,56.0,NV,89139,5/9/1974,Male,Married,US Citizen,No,White,5/12/2014,1294,,N/A - still employed,Active,Area Sales Manager,Lynn Daneault,Website Banner Ads,PIP,0,Employed,0,0,0,0,1,0,0,3.5452054794520547,272
273,"Khemmich, Bartholemew",1104025008,0,0,1,1,6,3,38,55.0,CO,80820,11/27/1979,Male,Single,US Citizen,No,White,8/19/2013,1560,,N/A - still employed,Active,Area Sales Manager,Lynn Daneault,Pay Per Click - Google,Fully Meets,0,Employed,0,0,0,0,1,0,0,4.273972602739726,273
274,"Leruth, Giovanni",1412071660,0,3,1,1,6,3,29,55.0,UT,84111,12/27/1988,Male,Separated,US Citizen,No,Black or African American,4/30/2012,2036,,N/A - still employed,Active,Area Sales Manager,John Smith,Website Banner Ads,Fully Meets,0,Employed,0,0,0,0,1,0,1,5.578082191780822,274
275,"Martins, Joseph",1209048771,0,0,1,1,6,3,47,56.0,TX,78207,6/11/1970,Male,Single,Eligible NonCitizen,No,Black or African American,5/14/2012,2022,,N/A - still employed,Active,Area Sales Manager,Lynn Daneault,Employee Referral,Fully Meets,0,Employed,0,0,0,0,1,0,1,5.53972602739726,275
276,"McKinzie, Jac",1209049326,1,1,1,2,6,9,33,55.0,TX,78789,7/1/1984,Male,Married,US Citizen,No,Two or more races,7/6/2016,508,,N/A - Has not started yet,Future Start,Area Sales Manager,Lynn Daneault,Website Banner Ads,N/A- too early to review,0,Employed,0,0,0,0,1,0,1,1.3917808219178083,276
277,"Mullaney, Howard",1306057978,0,0,1,1,6,2,42,55.0,AL,36006,11/2/1975,Male,Single,US Citizen,No,Two or more races,9/29/2014,1154,,N/A - still employed,Active,Area Sales Manager,John Smith,Internet Search,Needs Improvement,0,Employed,0,0,0,0,1,0,1,3.1616438356164385,277
278,"Nguyen, Dheepa",1111030684,0,0,0,1,6,3,29,55.0,GA,30428,3/31/1989,Female,Single,US Citizen,No,Two or more races,7/8/2013,1602,,N/A - still employed,Active,Area Sales Manager,Lynn Daneault,Pay Per Click - Google,Fully Meets,0,Employed,0,0,0,0,1,0,1,4.389041095890411,278
279,"Onque, Jasmine",1501072180,0,0,0,1,6,3,28,57.0,FL,33174,5/11/1990,Female,Single,US Citizen,Yes,White,9/30/2013,1518,,N/A - still employed,Active,Area Sales Manager,Lynn Daneault,Pay Per Click - Google,Fully Meets,0,Employed,0,0,0,0,1,0,0,4.158904109589041,279
280,"Ozark, Travis",812011761,0,0,1,1,6,0,36,55.0,NC,27229,5/19/1982,Male,Single,US Citizen,No,White,1/5/2015,1056,,N/A - still employed,Active,Area Sales Manager,John Smith,Website Banner Ads,90-day meets,0,Employed,0,0,0,0,1,0,0,2.893150684931507,280
281,"Potts, Xana",1102024106,1,1,0,1,6,3,29,55.0,KY,40220,8/29/1988,Female,Married,US Citizen,No,Black or African American,1/9/2012,2148,,N/A - still employed,Active,Area Sales Manager,Lynn Daneault,Website Banner Ads,Fully Meets,0,Employed,0,0,0,0,1,0,1,5.884931506849315,281
282,"Riordan, Michael",1502072711,0,3,1,1,6,4,50,55.0,ND,58782,1/15/1968,Male,Separated,US Citizen,No,White,1/9/2006,4339,,N/A - still employed,Active,Area Sales Manager,Lynn Daneault,Billboard,Exceeds,0,Employed,0,0,0,0,1,0,0,11.887671232876713,282
283,"Strong, Caitrin",1411071295,1,1,0,1,6,3,29,54.0,MT,59102,5/12/1989,Female,Married,US Citizen,No,Black or African American,9/27/2010,2617,,N/A - still employed,Active,Area Sales Manager,John Smith,Professional Society,Fully Meets,0,Employed,0,0,0,0,1,0,1,7.16986301369863,283
284,"Terry, Sharlene ",1401064637,0,0,0,1,6,3,53,55.0,OR,97756,5/7/1965,Female,Single,US Citizen,No,Black or African American,9/29/2014,1154,,N/A - still employed,Active,Area Sales Manager,Lynn Daneault,Monster.com,Fully Meets,0,Employed,0,0,0,0,1,0,1,3.1616438356164385,284
285,"Valentin,Jackie",1312063714,1,1,0,1,6,3,27,55.0,AZ,85006,5/23/1991,Female,Married,US Citizen,No,Two or more races,7/5/2011,2336,,N/A - still employed,Active,Area Sales Manager,John Smith,Other,Fully Meets,0,Employed,0,0,0,0,1,0,1,6.4,285
286,"Villanueva, Noah",1111030503,0,0,1,1,6,3,28,56.0,ME,4063,7/11/1989,Male,Single,US Citizen,No,Asian,3/5/2012,2092,,N/A - still employed,Active,Area Sales Manager,John Smith,Website Banner Ads,Fully Meets,0,Employed,0,0,0,0,1,0,1,5.7315068493150685,286
287,"Houlihan, Debra",1009021646,1,1,0,1,6,3,52,60.0,RI,2908,3/17/1966,Female,Married,US Citizen,No,White,5/5/2014,1301,,N/A - still employed,Active,Director of Sales,Janet King,MBTA ads,Fully Meets,0,Employed,0,0,0,0,1,0,0,3.5643835616438357,287
288,"Daneault, Lynn",1402065303,0,0,0,1,6,3,28,54.0,VT,5473,4/19/1990,Female,Single,US Citizen,No,White,5/5/2014,1301,,N/A - still employed,Active,Sales Manager,Debra Houlihan,Pay Per Click - Google,Fully Meets,0,Employed,0,0,0,0,1,0,0,3.5643835616438357,288
289,"Kampew, Donysha",1109029264,0,0,0,5,6,3,28,60.25,PA,19444,11/11/1989,Female,Single,US Citizen,No,White,11/7/2011,899,4/24/2014,maternity leave - did not return,Voluntarily Terminated,Sales Manager,Debra Houlihan,Social Networks - Facebook Twitter etc,Fully Meets,1,Terminated,0,0,0,0,1,0,0,2.463013698630137,289
290,"Smith, John",1499902910,0,2,1,1,6,2,33,56.0,MA,1886,8/16/1984,Male,Divorced,US Citizen,No,Black or African American,5/18/2014,1288,,N/A - still employed,Active,Sales Manager,Debra Houlihan,Diversity Job Fair,Needs Improvement,0,Employed,0,0,0,0,1,0,1,3.5287671232876714,290
291,"Andreola, Colby",1107027358,0,0,0,1,4,3,39,47.6,MA,2110,5/24/1979,Female,Single,US Citizen,No,White,11/10/2014,1112,,N/A - still employed,Active,Software Engineer,Alex Sweetwater,Vendor Referral,Fully Meets,0,Employed,0,0,0,0,0,1,0,3.0465753424657533,291
292,"Carabbio, Judith",1101023577,0,0,0,1,4,0,31,56.0,MA,2132,4/5/1987,Female,Single,US Citizen,No,White,11/11/2013,1476,,N/A - still employed,Active,Software Engineer,Alex Sweetwater,Pay Per Click - Google,90-day meets,0,Employed,0,0,0,0,0,1,0,4.043835616438356,292
293,"Del Bosque, Keyla",1203032498,0,0,0,1,4,0,38,57.12,MA,2176,7/5/1979,Female,Single,US Citizen,No,Black or African American,1/9/2012,2148,,N/A - still employed,Active,Software Engineer,Alex Sweetwater,Monster.com,90-day meets,0,Employed,0,0,0,0,0,1,1,5.884931506849315,293
294,"Exantus, Susan",1401064670,1,1,0,4,4,2,31,48.5,MA,1749,5/15/1987,Female,Married,US Citizen,No,Black or African American,5/2/2011,765,6/5/2013,attendance,Terminated for Cause,Software Engineer,Alex Sweetwater,Billboard,Needs Improvement,1,Terminated,0,0,0,0,0,1,1,2.095890410958904,294
295,"Martin, Sandra",1303054625,0,0,0,1,4,3,30,55.51,MA,2135,11/7/1987,Female,Single,US Citizen,No,Asian,11/11/2013,1476,,N/A - still employed,Active,Software Engineer,Alex Sweetwater,Search Engine - Google Bing Yahoo,Fully Meets,0,Employed,0,0,0,0,0,1,1,4.043835616438356,295
296,"Patronick, Luke",1112030979,0,0,1,5,4,4,39,52.25,MA,1844,2/20/1979,Male,Single,US Citizen,No,Asian,11/7/2011,1400,9/7/2015,Another position,Voluntarily Terminated,Software Engineer,Alex Sweetwater,Diversity Job Fair,Exceeds,1,Terminated,0,0,0,0,0,1,1,3.835616438356164,296
297,"Saada, Adell",1012023185,1,1,0,1,4,3,31,49.25,MA,2132,7/24/1986,Female,Married,US Citizen,No,White,11/5/2012,1847,,N/A - still employed,Active,Software Engineer,Alex Sweetwater,Pay Per Click - Google,Fully Meets,0,Employed,0,0,0,0,0,1,0,5.06027397260274,297
298,"Szabo, Andrew",1201031324,0,0,1,1,4,5,35,48.0,MA,2140,5/6/1983,Male,Single,US Citizen,No,White,7/7/2014,1238,,N/A - still employed,Active,Software Engineer,Alex Sweetwater,MBTA ads,Exceptional,0,Employed,0,0,0,0,0,1,0,3.3917808219178083,298
299,"True, Edward",1102024057,0,0,1,5,4,3,34,45.42,MA,2451,6/14/1983,Male,Single,Non-Citizen,No,Black or African American,2/18/2013,421,4/15/2014,medical issues,Voluntarily Terminated,Software Engineer,Alex Sweetwater,Diversity Job Fair,Fully Meets,1,Terminated,0,0,0,0,0,1,1,1.1534246575342466,299
300,"Sweetwater, Alex",1001644719,0,0,1,1,4,3,51,27.0,MA,2184,11/22/1966,Male,Single,US Citizen,No,White,8/15/2011,2295,,N/A - still employed,Active,Software Engineering Manager,Jennifer Zamora,Search Engine - Google Bing Yahoo,Fully Meets,0,Employed,0,0,0,0,0,1,0,6.287671232876712,300
301,"Champaigne, Brian",1009919920,1,1,1,1,3,3,46,63.5,MA,2045,2/9/1972,Male,Married,US Citizen,No,White,9/6/2016,446,,N/A - still employed,Active,BI Director,Jennifer Zamora,Professional Society,Fully Meets,0,Employed,0,0,1,0,0,0,0,1.2219178082191782,301
302,"Le, Binh",1009919930,0,0,0,1,3,3,30,50.25,MA,1886,6/14/1987,Female,Single,US Citizen,No,Asian,10/2/2016,420,,N/A - still employed,Active,Senior BI Developer,Brian Champaigne,Indeed,Fully Meets,0,Employed,0,0,1,0,0,0,1,1.1506849315068493,302
303,"Rachael, Maggie",1009919940,1,1,0,1,3,3,38,45.0,MA,2110,5/12/1980,Female,Married,US Citizen,No,Black or African American,10/2/2016,420,,N/A - still employed,Active,BI Developer,Brian Champaigne,Indeed,Fully Meets,0,Employed,0,0,1,0,0,0,1,1.1506849315068493,303
304,"Roper, Katie",1009919950,0,0,0,1,3,3,45,55.0,MA,2056,11/21/1972,Female,Single,US Citizen,No,Black or African American,1/7/2017,323,,N/A - still employed,Active,Data Architect,Brian Champaigne,Indeed,Fully Meets,0,Employed,0,0,1,0,0,0,1,0.8849315068493151,304
305,"Navathe, Kurt",1009919960,0,0,1,1,3,3,48,52.25,MA,2056,4/25/1970,Male,Single,US Citizen,No,Asian,2/10/2017,289,,N/A - still employed,Active,Senior BI Developer,Brian Champaigne,Indeed,Fully Meets,0,Employed,0,0,1,0,0,0,1,0.7917808219178082,305
306,"Wang, Charlie",1009919970,0,0,1,1,3,3,36,51.0,MA,1887,7/8/1981,Male,Single,US Citizen,No,Asian,2/15/2017,284,,N/A - still employed,Active,Senior BI Developer,Brian Champaigne,Indeed,Fully Meets,0,Employed,0,0,1,0,0,0,1,0.7780821917808219,306
307,"Smith, Jason",1009919980,0,0,1,1,3,3,34,46.0,MA,2045,9/4/1983,Male,Single,US Citizen,No,White,2/15/2017,284,,N/A - still employed,Active,BI Developer,Brian Champaigne,Indeed,Fully Meets,0,Employed,0,0,1,0,0,0,0,0.7780821917808219,307
308,"Westinghouse, Matthew",1009919990,1,1,1,1,3,3,30,45.0,MA,2134,10/24/1987,Male,Married,US Citizen,No,White,4/20/2017,220,,N/A - still employed,Active,BI Developer,Brian Champaigne,Indeed,Fully Meets,0,Employed,0,0,1,0,0,0,0,0.6027397260273972,308
309,"Hubert, Robert",1009920000,1,1,1,1,3,3,28,45.0,MA,2134,6/30/1989,Male,Married,US Citizen,No,Black or African American,4/20/2017,220,,N/A - still employed,Active,BI Developer,Brian Champaigne,Indeed,Fully Meets,0,Employed,0,0,1,0,0,0,1,0.6027397260273972,309
